job_id,regime_id,outcome,horizon,beta,se,lower95,upper95,z_score,p_value_normal,n,treatment_id,control_ids_used,response_type,inference_method,covariance_estimator,covariance_lags,rsquared,warning_flags,dropped_control_ids
tdc_state_dep_bank_foreign_private_corr,exclude_2008_2009,matched_total_deposits,0,0.4713678136027568,0.2796645617367936,-0.0767747274013586,1.0195103546068722,1.6854756665464994,0.09189683572328344,85,tdc_bank_only_qoq,"GDP,gdp_deflator,FEDFUNDS,TOTRESNS,dflmx_k200_f1,dflmx_k200_f2,dflmx_k200_f3,dflmx_k200_f4",direct_at_h,ols_newey_west_scaffold,newey_west,1,0.336123,,
tdc_state_dep_bank_foreign_private_corr,exclude_2008_2009,matched_total_deposits,1,0.3963239223508319,0.3045616964708306,-0.200617002731996,0.9932648474336598,1.3012927329448005,0.1931582737360098,84,tdc_bank_only_qoq,"GDP,gdp_deflator,FEDFUNDS,TOTRESNS,dflmx_k200_f1,dflmx_k200_f2,dflmx_k200_f3,dflmx_k200_f4",direct_at_h,ols_newey_west_scaffold,newey_west,1,0.36092,,
tdc_state_dep_bank_foreign_private_corr,exclude_2008_2009,matched_total_deposits,2,0.05024312902814171,0.1264171495766182,-0.19753448414202995,0.29802074219831337,0.39743918603140654,0.6910436236973023,83,tdc_bank_only_qoq,"GDP,gdp_deflator,FEDFUNDS,TOTRESNS,dflmx_k200_f1,dflmx_k200_f2,dflmx_k200_f3,dflmx_k200_f4",direct_at_h,ols_newey_west_scaffold,newey_west,2,0.322737,,
tdc_state_dep_bank_foreign_private_corr,exclude_2008_2009,matched_total_deposits,4,0.28276217272569815,0.14578221039933817,-0.002970959657004668,0.568495305108401,1.9396205610487975,0.05242582020020192,81,tdc_bank_only_qoq,"GDP,gdp_deflator,FEDFUNDS,TOTRESNS,dflmx_k200_f1,dflmx_k200_f2,dflmx_k200_f3,dflmx_k200_f4",direct_at_h,ols_newey_west_scaffold,newey_west,4,0.385364,,
tdc_state_dep_bank_foreign_private_corr,exclude_2008_2009,repo_spread,0,-6.70855319487697e-06,3.6991407028794713e-06,-1.3958868972520735e-05,5.417625827667931e-07,-1.8135436669534963,0.06974800999492992,31,tdc_bank_only_qoq,"GDP,gdp_deflator,FEDFUNDS,TOTRESNS,dflmx_k200_f1,dflmx_k200_f2,dflmx_k200_f3,dflmx_k200_f4",direct_at_h,ols_newey_west_scaffold,newey_west,1,0.883521,,
tdc_state_dep_bank_foreign_private_corr,exclude_2008_2009,repo_spread,1,-1.2228052471507085e-05,3.438864040160948e-06,-1.8968225990222543e-05,-5.487878952791627e-06,-3.5558406289696696,0.0003767724338421541,32,tdc_bank_only_qoq,"GDP,gdp_deflator,FEDFUNDS,TOTRESNS,dflmx_k200_f1,dflmx_k200_f2,dflmx_k200_f3,dflmx_k200_f4",direct_at_h,ols_newey_west_scaffold,newey_west,1,0.885774,,
tdc_state_dep_bank_foreign_private_corr,exclude_2008_2009,repo_spread,2,-7.164244853246678e-06,2.728595499507892e-06,-1.2512292032282147e-05,-1.8161976742112097e-06,-2.625616312325797,0.008649225267326699,33,tdc_bank_only_qoq,"GDP,gdp_deflator,FEDFUNDS,TOTRESNS,dflmx_k200_f1,dflmx_k200_f2,dflmx_k200_f3,dflmx_k200_f4",direct_at_h,ols_newey_west_scaffold,newey_west,2,0.834928,,
tdc_state_dep_bank_foreign_private_corr,exclude_2008_2009,repo_spread,4,-6.261041531064495e-06,5.217845665179588e-06,-1.6488019034816487e-05,3.965935972687498e-06,-1.199928463359217,0.23016712447204224,33,tdc_bank_only_qoq,"GDP,gdp_deflator,FEDFUNDS,TOTRESNS,dflmx_k200_f1,dflmx_k200_f2,dflmx_k200_f3,dflmx_k200_f4",direct_at_h,ols_newey_west_scaffold,newey_west,4,0.75978,,
tdc_state_dep_bank_foreign_private_corr,exclude_2020,matched_total_deposits,0,0.22755361582825717,0.09300616841616549,0.045261525732572805,0.40984570592394154,2.4466507942789937,0.014419046648363798,89,tdc_bank_only_qoq,"GDP,gdp_deflator,FEDFUNDS,TOTRESNS,dflmx_k200_f1,dflmx_k200_f2,dflmx_k200_f3,dflmx_k200_f4",direct_at_h,ols_newey_west_scaffold,newey_west,1,0.368643,,
tdc_state_dep_bank_foreign_private_corr,exclude_2020,matched_total_deposits,1,-0.06723243909084631,0.12982762872503031,-0.3216945913919057,0.1872297132102131,-0.5178592550068206,0.6045564719404886,88,tdc_bank_only_qoq,"GDP,gdp_deflator,FEDFUNDS,TOTRESNS,dflmx_k200_f1,dflmx_k200_f2,dflmx_k200_f3,dflmx_k200_f4",direct_at_h,ols_newey_west_scaffold,newey_west,1,0.311118,,
tdc_state_dep_bank_foreign_private_corr,exclude_2020,matched_total_deposits,2,-0.14130400614633332,0.1253177969703878,-0.3869268882082934,0.10431887591562677,-1.1275653543424722,0.25950352527424836,87,tdc_bank_only_qoq,"GDP,gdp_deflator,FEDFUNDS,TOTRESNS,dflmx_k200_f1,dflmx_k200_f2,dflmx_k200_f3,dflmx_k200_f4",direct_at_h,ols_newey_west_scaffold,newey_west,2,0.327543,,
tdc_state_dep_bank_foreign_private_corr,exclude_2020,matched_total_deposits,4,0.24762865094496045,0.17056582112288574,-0.08668035845589561,0.5819376603458165,1.4518069875590964,0.1465552804593675,85,tdc_bank_only_qoq,"GDP,gdp_deflator,FEDFUNDS,TOTRESNS,dflmx_k200_f1,dflmx_k200_f2,dflmx_k200_f3,dflmx_k200_f4",direct_at_h,ols_newey_west_scaffold,newey_west,4,0.4271,,
tdc_state_dep_bank_foreign_private_corr,exclude_2020,repo_spread,0,-5.025903896123692e-06,4.3938470364257875e-06,-1.3637844087518236e-05,3.5860362952708516e-06,-1.1438504468767436,0.2526856645007636,27,tdc_bank_only_qoq,"GDP,gdp_deflator,FEDFUNDS,TOTRESNS,dflmx_k200_f1,dflmx_k200_f2,dflmx_k200_f3,dflmx_k200_f4",direct_at_h,ols_newey_west_scaffold,newey_west,1,0.909754,,
tdc_state_dep_bank_foreign_private_corr,exclude_2020,repo_spread,1,-1.259823679059955e-05,5.529496279606706e-06,-2.343604949862869e-05,-1.7604240825704064e-06,-2.278369701967793,0.022704559984890293,28,tdc_bank_only_qoq,"GDP,gdp_deflator,FEDFUNDS,TOTRESNS,dflmx_k200_f1,dflmx_k200_f2,dflmx_k200_f3,dflmx_k200_f4",direct_at_h,ols_newey_west_scaffold,newey_west,1,0.879946,,
tdc_state_dep_bank_foreign_private_corr,exclude_2020,repo_spread,2,-7.019397858253712e-06,4.272245616592789e-06,-1.539299926677558e-05,1.3542035502681537e-06,-1.6430230113623099,0.10037817228162305,29,tdc_bank_only_qoq,"GDP,gdp_deflator,FEDFUNDS,TOTRESNS,dflmx_k200_f1,dflmx_k200_f2,dflmx_k200_f3,dflmx_k200_f4",direct_at_h,ols_newey_west_scaffold,newey_west,2,0.871176,,
tdc_state_dep_bank_foreign_private_corr,exclude_2020,repo_spread,4,-2.15525929332338e-06,4.029763066574065e-06,-1.0053594903808548e-05,5.743076317161787e-06,-0.5348352391237956,0.5927637931157297,29,tdc_bank_only_qoq,"GDP,gdp_deflator,FEDFUNDS,TOTRESNS,dflmx_k200_f1,dflmx_k200_f2,dflmx_k200_f3,dflmx_k200_f4",direct_at_h,ols_newey_west_scaffold,newey_west,4,0.885017,,
tdc_state_dep_bank_foreign_private_corr,coord_low_reserve_state_l1,matched_total_deposits,0,0.01944042133902213,0.2876824887355114,-0.5444172565825802,0.5832980992606245,0.06757596343271072,0.9461231900521332,15,tdc_bank_only_qoq,"GDP,gdp_deflator,FEDFUNDS,TOTRESNS,dflmx_k200_f1,dflmx_k200_f2,dflmx_k200_f3,dflmx_k200_f4",direct_at_h,ols_newey_west_scaffold,newey_west,1,0.603835,,
tdc_state_dep_bank_foreign_private_corr,coord_low_reserve_state_l1,matched_total_deposits,1,0.2767305123041819,0.5086190351996142,-0.7201627966870618,1.2736238212954256,0.544082099081438,0.5863849782429154,14,tdc_bank_only_qoq,"GDP,gdp_deflator,FEDFUNDS,TOTRESNS,dflmx_k200_f1,dflmx_k200_f2,dflmx_k200_f3,dflmx_k200_f4",direct_at_h,ols_newey_west_scaffold,newey_west,1,0.910524,,
tdc_state_dep_bank_foreign_private_corr,coord_low_reserve_state_l1,matched_total_deposits,2,-0.011880422176062666,0.4414001985387314,-0.8770248113119762,0.8532639669598509,-0.026915307730701436,0.9785272841372019,13,tdc_bank_only_qoq,"GDP,gdp_deflator,FEDFUNDS,TOTRESNS,dflmx_k200_f1,dflmx_k200_f2,dflmx_k200_f3,dflmx_k200_f4",direct_at_h,ols_newey_west_scaffold,newey_west,2,0.823834,,
tdc_state_dep_bank_foreign_private_corr,coord_low_reserve_state_l1,matched_total_deposits,4,-1.3804259274768214,0.2905662705332989,-1.9499358177220874,-0.8109160372315555,-4.750812697369237,2.0260073099187537e-06,11,tdc_bank_only_qoq,"GDP,gdp_deflator,FEDFUNDS,TOTRESNS,dflmx_k200_f1,dflmx_k200_f2,dflmx_k200_f3,dflmx_k200_f4",direct_at_h,ols_newey_west_scaffold,newey_west,4,0.997835,,
tdc_state_dep_bank_foreign_private_corr,coord_on_rrp_drain_state_l1__low,matched_total_deposits,0,0.4308357577142987,0.13615873309474358,0.1639646408486013,0.6977068745799961,3.1642168513312288,0.0015550088714366694,36,tdc_bank_only_qoq,"GDP,gdp_deflator,FEDFUNDS,TOTRESNS,dflmx_k200_f1,dflmx_k200_f2,dflmx_k200_f3,dflmx_k200_f4",direct_at_h,ols_newey_west_scaffold,newey_west,1,0.70057,,
tdc_state_dep_bank_foreign_private_corr,coord_on_rrp_drain_state_l1__low,matched_total_deposits,1,-0.24736380121830348,0.1509509445707562,-0.5432276525769857,0.04850005014037867,-1.638703235158327,0.10127507996876406,35,tdc_bank_only_qoq,"GDP,gdp_deflator,FEDFUNDS,TOTRESNS,dflmx_k200_f1,dflmx_k200_f2,dflmx_k200_f3,dflmx_k200_f4",direct_at_h,ols_newey_west_scaffold,newey_west,1,0.709347,,
tdc_state_dep_bank_foreign_private_corr,coord_on_rrp_drain_state_l1__low,matched_total_deposits,2,-0.34515743676469834,0.1352189354302093,-0.6101865502079086,-0.08012832332148812,-2.5525821192612836,0.01069276997260693,34,tdc_bank_only_qoq,"GDP,gdp_deflator,FEDFUNDS,TOTRESNS,dflmx_k200_f1,dflmx_k200_f2,dflmx_k200_f3,dflmx_k200_f4",direct_at_h,ols_newey_west_scaffold,newey_west,2,0.499758,,
tdc_state_dep_bank_foreign_private_corr,coord_on_rrp_drain_state_l1__low,matched_total_deposits,4,0.2144913380060136,0.20977418010780116,-0.19666605500527667,0.6256487310173039,1.0224868374925282,0.30655053927664966,32,tdc_bank_only_qoq,"GDP,gdp_deflator,FEDFUNDS,TOTRESNS,dflmx_k200_f1,dflmx_k200_f2,dflmx_k200_f3,dflmx_k200_f4",direct_at_h,ols_newey_west_scaffold,newey_west,4,0.362279,,
tdc_state_dep_bank_foreign_private_corr,coord_on_rrp_drain_state_l1__low,repo_spread,0,-1.400436361673041e-06,1.998338066384853e-06,-5.3171789717873524e-06,2.516306248441271e-06,-0.7008005228097055,0.4834275117538598,17,tdc_bank_only_qoq,"GDP,gdp_deflator,FEDFUNDS,TOTRESNS,dflmx_k200_f1,dflmx_k200_f2,dflmx_k200_f3,dflmx_k200_f4",direct_at_h,ols_newey_west_scaffold,newey_west,1,0.975496,,
tdc_state_dep_bank_foreign_private_corr,coord_on_rrp_drain_state_l1__low,repo_spread,1,-2.8836118973867257e-06,1.8394898372397019e-06,-6.489011978376541e-06,7.2178818360309e-07,-1.5676150196696985,0.11697100473213151,17,tdc_bank_only_qoq,"GDP,gdp_deflator,FEDFUNDS,TOTRESNS,dflmx_k200_f1,dflmx_k200_f2,dflmx_k200_f3,dflmx_k200_f4",direct_at_h,ols_newey_west_scaffold,newey_west,1,0.990313,,
tdc_state_dep_bank_foreign_private_corr,coord_on_rrp_drain_state_l1__low,repo_spread,2,3.1695540810069837e-07,1.3069788416576355e-06,-2.2447231215482673e-06,2.878633937749664e-06,0.24250997644208627,0.808385027458494,17,tdc_bank_only_qoq,"GDP,gdp_deflator,FEDFUNDS,TOTRESNS,dflmx_k200_f1,dflmx_k200_f2,dflmx_k200_f3,dflmx_k200_f4",direct_at_h,ols_newey_west_scaffold,newey_west,2,0.981754,,
tdc_state_dep_bank_foreign_private_corr,coord_on_rrp_drain_state_l1__low,repo_spread,4,1.405982229058455e-06,3.3177738496370324e-06,-5.096854516230129e-06,7.908818974347038e-06,0.4237727743897526,0.671731535376467,17,tdc_bank_only_qoq,"GDP,gdp_deflator,FEDFUNDS,TOTRESNS,dflmx_k200_f1,dflmx_k200_f2,dflmx_k200_f3,dflmx_k200_f4",direct_at_h,ols_newey_west_scaffold,newey_west,4,0.963417,,
tdc_state_dep_bank_foreign_private_corr,coord_on_rrp_drain_state_l1__high,matched_total_deposits,0,0.6316370335859062,0.34404043441728344,-0.04268221787196935,1.3059562850437816,1.8359383676972094,0.0663667723994994,36,tdc_bank_only_qoq,"GDP,gdp_deflator,FEDFUNDS,TOTRESNS,dflmx_k200_f1,dflmx_k200_f2,dflmx_k200_f3,dflmx_k200_f4",direct_at_h,ols_newey_west_scaffold,newey_west,1,0.648429,,
tdc_state_dep_bank_foreign_private_corr,coord_on_rrp_drain_state_l1__high,matched_total_deposits,1,0.4626981063003512,0.23762792301277214,-0.0030526228046822146,0.9284488354053846,1.9471537706260298,0.05151630215042213,35,tdc_bank_only_qoq,"GDP,gdp_deflator,FEDFUNDS,TOTRESNS,dflmx_k200_f1,dflmx_k200_f2,dflmx_k200_f3,dflmx_k200_f4",direct_at_h,ols_newey_west_scaffold,newey_west,1,0.727443,,
tdc_state_dep_bank_foreign_private_corr,coord_on_rrp_drain_state_l1__high,matched_total_deposits,2,0.0895007784434148,0.37352418110157753,-0.6426066165156772,0.8216081734025067,0.2396117386014043,0.8106312637591779,34,tdc_bank_only_qoq,"GDP,gdp_deflator,FEDFUNDS,TOTRESNS,dflmx_k200_f1,dflmx_k200_f2,dflmx_k200_f3,dflmx_k200_f4",direct_at_h,ols_newey_west_scaffold,newey_west,2,0.452068,,
tdc_state_dep_bank_foreign_private_corr,coord_on_rrp_drain_state_l1__high,matched_total_deposits,4,0.298549137867435,0.3996151761144764,-0.48469660731693875,1.0817948830518087,0.7470915913911904,0.45500827552543455,32,tdc_bank_only_qoq,"GDP,gdp_deflator,FEDFUNDS,TOTRESNS,dflmx_k200_f1,dflmx_k200_f2,dflmx_k200_f3,dflmx_k200_f4",direct_at_h,ols_newey_west_scaffold,newey_west,4,0.537085,,
tdc_state_dep_bank_foreign_private_corr,coord_on_rrp_drain_state_l1__high,repo_spread,0,-6.705761663795807e-06,9.63251315443448e-06,-2.5585487446487386e-05,1.2173964118895772e-05,-0.696159097453057,0.4863291998596493,14,tdc_bank_only_qoq,"GDP,gdp_deflator,FEDFUNDS,TOTRESNS,dflmx_k200_f1,dflmx_k200_f2,dflmx_k200_f3,dflmx_k200_f4",direct_at_h,ols_newey_west_scaffold,newey_west,1,0.911593,,
tdc_state_dep_bank_foreign_private_corr,coord_on_rrp_drain_state_l1__high,repo_spread,1,-8.464234890984971e-06,1.2453762848122266e-05,-3.2873610073304614e-05,1.594514029133467e-05,-0.6796528080877322,0.4967243238495562,15,tdc_bank_only_qoq,"GDP,gdp_deflator,FEDFUNDS,TOTRESNS,dflmx_k200_f1,dflmx_k200_f2,dflmx_k200_f3,dflmx_k200_f4",direct_at_h,ols_newey_west_scaffold,newey_west,1,0.755581,,
tdc_state_dep_bank_foreign_private_corr,coord_on_rrp_drain_state_l1__high,repo_spread,2,1.2151050603077405e-05,6.712012656031966e-06,-1.0044942027452478e-06,2.530659540890006e-05,1.8103438157491365,0.07024248625875718,16,tdc_bank_only_qoq,"GDP,gdp_deflator,FEDFUNDS,TOTRESNS,dflmx_k200_f1,dflmx_k200_f2,dflmx_k200_f3,dflmx_k200_f4",direct_at_h,ols_newey_west_scaffold,newey_west,2,0.933919,,
tdc_state_dep_bank_foreign_private_corr,coord_on_rrp_drain_state_l1__high,repo_spread,4,-6.318685262047489e-06,3.7417142372006447e-06,-1.3652445166960753e-05,1.0150746428657743e-06,-1.6887140122102964,0.09127424906025716,16,tdc_bank_only_qoq,"GDP,gdp_deflator,FEDFUNDS,TOTRESNS,dflmx_k200_f1,dflmx_k200_f2,dflmx_k200_f3,dflmx_k200_f4",direct_at_h,ols_newey_west_scaffold,newey_west,4,0.938272,,
tdc_state_dep_bank_foreign_private_corr,tsyparty_bank_absorption_share_l1__low,matched_total_deposits,0,0.03487867841992047,0.18104968401202085,-0.3199787022436404,0.38973605908348136,0.19264699969100577,0.8472354338887786,41,tdc_bank_only_qoq,"GDP,gdp_deflator,FEDFUNDS,TOTRESNS,dflmx_k200_f1,dflmx_k200_f2,dflmx_k200_f3,dflmx_k200_f4",direct_at_h,ols_newey_west_scaffold,newey_west,1,0.65448,,
tdc_state_dep_bank_foreign_private_corr,tsyparty_bank_absorption_share_l1__low,matched_total_deposits,1,0.0582022511332524,0.2546458955211155,-0.44090370408813395,0.5573082063546387,0.22856151289674415,0.8192097409802421,40,tdc_bank_only_qoq,"GDP,gdp_deflator,FEDFUNDS,TOTRESNS,dflmx_k200_f1,dflmx_k200_f2,dflmx_k200_f3,dflmx_k200_f4",direct_at_h,ols_newey_west_scaffold,newey_west,1,0.473266,,
tdc_state_dep_bank_foreign_private_corr,tsyparty_bank_absorption_share_l1__low,matched_total_deposits,2,-0.09892787064770917,0.2221307205583761,-0.5343040829421263,0.336448341646708,-0.44535879773419657,0.6560604827977203,39,tdc_bank_only_qoq,"GDP,gdp_deflator,FEDFUNDS,TOTRESNS,dflmx_k200_f1,dflmx_k200_f2,dflmx_k200_f3,dflmx_k200_f4",direct_at_h,ols_newey_west_scaffold,newey_west,2,0.186452,,
tdc_state_dep_bank_foreign_private_corr,tsyparty_bank_absorption_share_l1__low,matched_total_deposits,4,0.10410807832235501,0.5425997374869297,-0.9593874071520271,1.167603563796737,0.1918690171221522,0.8478448072613065,37,tdc_bank_only_qoq,"GDP,gdp_deflator,FEDFUNDS,TOTRESNS,dflmx_k200_f1,dflmx_k200_f2,dflmx_k200_f3,dflmx_k200_f4",direct_at_h,ols_newey_west_scaffold,newey_west,4,0.150067,,
tdc_state_dep_bank_foreign_private_corr,tsyparty_bank_absorption_share_l1__high,matched_total_deposits,0,0.5141844933297459,0.32182494555049396,-0.11659239994922221,1.144961386608714,1.5977148460328752,0.11010645321111934,48,tdc_bank_only_qoq,"GDP,gdp_deflator,FEDFUNDS,TOTRESNS,dflmx_k200_f1,dflmx_k200_f2,dflmx_k200_f3,dflmx_k200_f4",direct_at_h,ols_newey_west_scaffold,newey_west,1,0.524826,,
tdc_state_dep_bank_foreign_private_corr,tsyparty_bank_absorption_share_l1__high,matched_total_deposits,1,0.08702074569364104,0.14901018805930794,-0.2050392229026025,0.3790807142898846,0.5839919191230447,0.55922574879931,47,tdc_bank_only_qoq,"GDP,gdp_deflator,FEDFUNDS,TOTRESNS,dflmx_k200_f1,dflmx_k200_f2,dflmx_k200_f3,dflmx_k200_f4",direct_at_h,ols_newey_west_scaffold,newey_west,1,0.450308,,
tdc_state_dep_bank_foreign_private_corr,tsyparty_bank_absorption_share_l1__high,matched_total_deposits,2,0.15534766534476074,0.1724343478463594,-0.18262365643410367,0.49331898712362515,0.9009090548663597,0.3676366764225305,46,tdc_bank_only_qoq,"GDP,gdp_deflator,FEDFUNDS,TOTRESNS,dflmx_k200_f1,dflmx_k200_f2,dflmx_k200_f3,dflmx_k200_f4",direct_at_h,ols_newey_west_scaffold,newey_west,2,0.442395,,
tdc_state_dep_bank_foreign_private_corr,tsyparty_bank_absorption_share_l1__high,matched_total_deposits,4,-0.1567976513288356,0.2777108508245147,-0.7011109189448844,0.3875156162872132,-0.564607579658153,0.5723407086203689,44,tdc_bank_only_qoq,"GDP,gdp_deflator,FEDFUNDS,TOTRESNS,dflmx_k200_f1,dflmx_k200_f2,dflmx_k200_f3,dflmx_k200_f4",direct_at_h,ols_newey_west_scaffold,newey_west,4,0.458681,,
tdc_state_dep_bank_foreign_private_corr,tsyparty_bank_absorption_share_l1__high,repo_spread,0,-1.1244920556459094e-05,6.937523422483785e-06,-2.4842466464527314e-05,2.3526253516091246e-06,-1.6208839771287094,0.10504252380518087,19,tdc_bank_only_qoq,"GDP,gdp_deflator,FEDFUNDS,TOTRESNS,dflmx_k200_f1,dflmx_k200_f2,dflmx_k200_f3,dflmx_k200_f4",direct_at_h,ols_newey_west_scaffold,newey_west,1,0.879487,,
tdc_state_dep_bank_foreign_private_corr,tsyparty_bank_absorption_share_l1__high,repo_spread,1,-1.1898183073678288e-05,3.0239840396223e-06,-1.7825191791337995e-05,-5.97117435601858e-06,-3.934605116224221,8.333359192214118e-05,19,tdc_bank_only_qoq,"GDP,gdp_deflator,FEDFUNDS,TOTRESNS,dflmx_k200_f1,dflmx_k200_f2,dflmx_k200_f3,dflmx_k200_f4",direct_at_h,ols_newey_west_scaffold,newey_west,1,0.906963,,
tdc_state_dep_bank_foreign_private_corr,tsyparty_bank_absorption_share_l1__high,repo_spread,2,-1.4735191310051595e-05,5.120169240663901e-06,-2.4770723021752842e-05,-4.69965959835035e-06,-2.877871925214131,0.004003676485094143,19,tdc_bank_only_qoq,"GDP,gdp_deflator,FEDFUNDS,TOTRESNS,dflmx_k200_f1,dflmx_k200_f2,dflmx_k200_f3,dflmx_k200_f4",direct_at_h,ols_newey_west_scaffold,newey_west,2,0.920941,,
tdc_state_dep_bank_foreign_private_corr,tsyparty_bank_absorption_share_l1__high,repo_spread,4,-8.686112669480887e-07,9.815264380711066e-06,-2.0106529453141777e-05,1.83693069192456e-05,-0.08849596233547019,0.9294824933395469,19,tdc_bank_only_qoq,"GDP,gdp_deflator,FEDFUNDS,TOTRESNS,dflmx_k200_f1,dflmx_k200_f2,dflmx_k200_f3,dflmx_k200_f4",direct_at_h,ols_newey_west_scaffold,newey_west,4,0.803718,,
tdc_state_dep_bank_foreign_private_corr,tsyparty_bank_foreign_private_corr_l1__low,matched_total_deposits,0,0.7529472974936073,0.4317497216820124,-0.09328215700313702,1.5991767519903517,1.7439439093562632,0.08116887100258618,42,tdc_bank_only_qoq,"GDP,gdp_deflator,FEDFUNDS,TOTRESNS,dflmx_k200_f1,dflmx_k200_f2,dflmx_k200_f3,dflmx_k200_f4",direct_at_h,ols_newey_west_scaffold,newey_west,1,0.498399,,
tdc_state_dep_bank_foreign_private_corr,tsyparty_bank_foreign_private_corr_l1__low,matched_total_deposits,1,0.907604106065572,0.38022248579328105,0.16236803391074106,1.6528401782204027,2.387034275923958,0.01698490763619498,41,tdc_bank_only_qoq,"GDP,gdp_deflator,FEDFUNDS,TOTRESNS,dflmx_k200_f1,dflmx_k200_f2,dflmx_k200_f3,dflmx_k200_f4",direct_at_h,ols_newey_west_scaffold,newey_west,1,0.559066,,
tdc_state_dep_bank_foreign_private_corr,tsyparty_bank_foreign_private_corr_l1__low,matched_total_deposits,2,0.015340435641789885,0.24879727410468486,-0.4723022216033924,0.5029830928869722,0.0616583750645724,0.9508348887500628,40,tdc_bank_only_qoq,"GDP,gdp_deflator,FEDFUNDS,TOTRESNS,dflmx_k200_f1,dflmx_k200_f2,dflmx_k200_f3,dflmx_k200_f4",direct_at_h,ols_newey_west_scaffold,newey_west,2,0.46321,,
tdc_state_dep_bank_foreign_private_corr,tsyparty_bank_foreign_private_corr_l1__low,matched_total_deposits,4,0.4077651412044425,0.17915378991240827,0.05662371297612234,0.7589065694327627,2.276062043698918,0.02284229643305813,38,tdc_bank_only_qoq,"GDP,gdp_deflator,FEDFUNDS,TOTRESNS,dflmx_k200_f1,dflmx_k200_f2,dflmx_k200_f3,dflmx_k200_f4",direct_at_h,ols_newey_west_scaffold,newey_west,4,0.450197,,
tdc_state_dep_bank_foreign_private_corr,tsyparty_bank_foreign_private_corr_l1__low,repo_spread,0,-7.855923851629646e-06,3.5372991008337423e-06,-1.478903008926378e-05,-9.228176139955112e-07,-2.22088198585695,0.02635895565134705,28,tdc_bank_only_qoq,"GDP,gdp_deflator,FEDFUNDS,TOTRESNS,dflmx_k200_f1,dflmx_k200_f2,dflmx_k200_f3,dflmx_k200_f4",direct_at_h,ols_newey_west_scaffold,newey_west,1,0.915745,,
tdc_state_dep_bank_foreign_private_corr,tsyparty_bank_foreign_private_corr_l1__low,repo_spread,1,-9.625556348406308e-06,4.2777218087047535e-06,-1.8009891093467626e-05,-1.2412216033449904e-06,-2.250159495837065,0.02443882244194029,28,tdc_bank_only_qoq,"GDP,gdp_deflator,FEDFUNDS,TOTRESNS,dflmx_k200_f1,dflmx_k200_f2,dflmx_k200_f3,dflmx_k200_f4",direct_at_h,ols_newey_west_scaffold,newey_west,1,0.889536,,
tdc_state_dep_bank_foreign_private_corr,tsyparty_bank_foreign_private_corr_l1__low,repo_spread,2,-4.40334548755096e-06,3.5519327629176017e-06,-1.1365133702869458e-05,2.5584427277675385e-06,-1.2397040657757266,0.21508487277496258,28,tdc_bank_only_qoq,"GDP,gdp_deflator,FEDFUNDS,TOTRESNS,dflmx_k200_f1,dflmx_k200_f2,dflmx_k200_f3,dflmx_k200_f4",direct_at_h,ols_newey_west_scaffold,newey_west,2,0.873743,,
tdc_state_dep_bank_foreign_private_corr,tsyparty_bank_foreign_private_corr_l1__low,repo_spread,4,-1.9786252028594036e-06,3.124525189514837e-06,-8.102694574308484e-06,4.145444168589677e-06,-0.6332562814661246,0.5265662976853325,28,tdc_bank_only_qoq,"GDP,gdp_deflator,FEDFUNDS,TOTRESNS,dflmx_k200_f1,dflmx_k200_f2,dflmx_k200_f3,dflmx_k200_f4",direct_at_h,ols_newey_west_scaffold,newey_west,4,0.870715,,
tdc_state_dep_bank_foreign_private_corr,tsyparty_bank_foreign_private_corr_l1__high,matched_total_deposits,0,0.16620589233222277,0.11989038992972385,-0.06877927193003597,0.4011910565944815,1.386315387160286,0.1656506203679866,42,tdc_bank_only_qoq,"GDP,gdp_deflator,FEDFUNDS,TOTRESNS,dflmx_k200_f1,dflmx_k200_f2,dflmx_k200_f3,dflmx_k200_f4",direct_at_h,ols_newey_west_scaffold,newey_west,1,0.239183,,
tdc_state_dep_bank_foreign_private_corr,tsyparty_bank_foreign_private_corr_l1__high,matched_total_deposits,1,-0.21499742709250683,0.1683140878423373,-0.544893039263488,0.1148981850784743,-1.2773584781203733,0.20147571682616539,41,tdc_bank_only_qoq,"GDP,gdp_deflator,FEDFUNDS,TOTRESNS,dflmx_k200_f1,dflmx_k200_f2,dflmx_k200_f3,dflmx_k200_f4",direct_at_h,ols_newey_west_scaffold,newey_west,1,0.244712,,
tdc_state_dep_bank_foreign_private_corr,tsyparty_bank_foreign_private_corr_l1__high,matched_total_deposits,2,0.014581075799742577,0.18989974630817671,-0.3576224269642838,0.3867845785637689,0.0767830188465857,0.9387961598502426,40,tdc_bank_only_qoq,"GDP,gdp_deflator,FEDFUNDS,TOTRESNS,dflmx_k200_f1,dflmx_k200_f2,dflmx_k200_f3,dflmx_k200_f4",direct_at_h,ols_newey_west_scaffold,newey_west,2,0.158489,,
tdc_state_dep_bank_foreign_private_corr,tsyparty_bank_foreign_private_corr_l1__high,matched_total_deposits,4,-0.06519450255354092,0.2863384941186527,-0.6264179510261001,0.4960289459190183,-0.22768333246359004,0.8198924309103948,38,tdc_bank_only_qoq,"GDP,gdp_deflator,FEDFUNDS,TOTRESNS,dflmx_k200_f1,dflmx_k200_f2,dflmx_k200_f3,dflmx_k200_f4",direct_at_h,ols_newey_west_scaffold,newey_west,4,0.134915,,
tdc_state_dep_bank_foreign_private_corr,slrwatch_bank_leverage_pressure_l1__low,matched_total_deposits,0,0.7592301606032108,0.20958348052903428,0.3484465387663036,1.170013782440118,3.622566810546083,0.0002916940879074126,13,tdc_bank_only_qoq,"GDP,gdp_deflator,FEDFUNDS,TOTRESNS,dflmx_k200_f1,dflmx_k200_f2,dflmx_k200_f3,dflmx_k200_f4",direct_at_h,ols_newey_west_scaffold,newey_west,1,0.966491,,
tdc_state_dep_bank_foreign_private_corr,slrwatch_bank_leverage_pressure_l1__low,matched_total_deposits,1,0.17744564931897777,0.41804042011149234,-0.6419135740995472,0.9968048727375027,0.4244700770122961,0.6712230234679699,12,tdc_bank_only_qoq,"GDP,gdp_deflator,FEDFUNDS,TOTRESNS,dflmx_k200_f1,dflmx_k200_f2,dflmx_k200_f3,dflmx_k200_f4",direct_at_h,ols_newey_west_scaffold,newey_west,1,0.88954,,
tdc_state_dep_bank_foreign_private_corr,slrwatch_bank_leverage_pressure_l1__low,matched_total_deposits,2,-0.8148739311888198,0.4243784133485149,-1.646655621351909,0.016907758974269438,-1.920158767641218,0.05483784802751002,11,tdc_bank_only_qoq,"GDP,gdp_deflator,FEDFUNDS,TOTRESNS,dflmx_k200_f1,dflmx_k200_f2,dflmx_k200_f3,dflmx_k200_f4",direct_at_h,ols_newey_west_scaffold,newey_west,2,0.939837,,
tdc_state_dep_bank_foreign_private_corr,slrwatch_bank_leverage_pressure_l1__low,repo_spread,0,3.974543543099621e-06,3.847313210515846e-06,-3.566190349511437e-06,1.151527743571068e-05,1.0330699180498268,0.30157117979142956,13,tdc_bank_only_qoq,"GDP,gdp_deflator,FEDFUNDS,TOTRESNS,dflmx_k200_f1,dflmx_k200_f2,dflmx_k200_f3,dflmx_k200_f4",direct_at_h,ols_newey_west_scaffold,newey_west,1,0.993343,,
tdc_state_dep_bank_foreign_private_corr,slrwatch_bank_leverage_pressure_l1__low,repo_spread,1,-5.5035135633088e-06,2.541095565246089e-06,-1.0484060871191134e-05,-5.229662554264658e-07,-2.165803458389736,0.03032620896681104,12,tdc_bank_only_qoq,"GDP,gdp_deflator,FEDFUNDS,TOTRESNS,dflmx_k200_f1,dflmx_k200_f2,dflmx_k200_f3,dflmx_k200_f4",direct_at_h,ols_newey_west_scaffold,newey_west,1,0.988086,,
tdc_state_dep_bank_foreign_private_corr,slrwatch_bank_leverage_pressure_l1__low,repo_spread,2,-1.7731752224461726e-05,2.525863316166185e-06,-2.268244432414745e-05,-1.2781060124776003e-05,-7.020075912648907,2.2175594693862877e-12,11,tdc_bank_only_qoq,"GDP,gdp_deflator,FEDFUNDS,TOTRESNS,dflmx_k200_f1,dflmx_k200_f2,dflmx_k200_f3,dflmx_k200_f4",direct_at_h,ols_newey_west_scaffold,newey_west,2,0.998385,,
tdc_state_dep_bank_foreign_private_corr,slrwatch_bank_leverage_pressure_l1__high,matched_total_deposits,0,0.49295830060191825,0.973386980014169,-1.414880180225853,2.4007967814296896,0.5064360945065677,0.6125505412731336,14,tdc_bank_only_qoq,"GDP,gdp_deflator,FEDFUNDS,TOTRESNS,dflmx_k200_f1,dflmx_k200_f2,dflmx_k200_f3,dflmx_k200_f4",direct_at_h,ols_newey_west_scaffold,newey_west,1,0.85474,,
tdc_state_dep_bank_foreign_private_corr,slrwatch_bank_leverage_pressure_l1__high,matched_total_deposits,1,0.6034205585353618,0.6546509785451612,-0.6796953594131541,1.8865364764838777,0.9217439189907737,0.35666216608057555,13,tdc_bank_only_qoq,"GDP,gdp_deflator,FEDFUNDS,TOTRESNS,dflmx_k200_f1,dflmx_k200_f2,dflmx_k200_f3,dflmx_k200_f4",direct_at_h,ols_newey_west_scaffold,newey_west,1,0.968884,,
tdc_state_dep_bank_foreign_private_corr,slrwatch_bank_leverage_pressure_l1__high,matched_total_deposits,2,-0.9493258974020735,1.2346200548921649,-3.3691812049907166,1.4705294101865696,-0.7689214942203334,0.44193991659317633,12,tdc_bank_only_qoq,"GDP,gdp_deflator,FEDFUNDS,TOTRESNS,dflmx_k200_f1,dflmx_k200_f2,dflmx_k200_f3,dflmx_k200_f4",direct_at_h,ols_newey_west_scaffold,newey_west,2,0.930639,,
tdc_state_dep_bank_foreign_private_corr,slrwatch_bank_leverage_pressure_l1__high,repo_spread,0,-1.8942463171441512e-06,4.385224412682963e-06,-1.0489286166002757e-05,6.700793531714455e-06,-0.431961089987916,0.6657696932179298,14,tdc_bank_only_qoq,"GDP,gdp_deflator,FEDFUNDS,TOTRESNS,dflmx_k200_f1,dflmx_k200_f2,dflmx_k200_f3,dflmx_k200_f4",direct_at_h,ols_newey_west_scaffold,newey_west,1,0.973877,,
tdc_state_dep_bank_foreign_private_corr,slrwatch_bank_leverage_pressure_l1__high,repo_spread,1,-5.943650673672763e-06,5.394845915640059e-06,-1.6517548668327278e-05,4.6302473209817526e-06,-1.101727605684099,0.270580111722043,13,tdc_bank_only_qoq,"GDP,gdp_deflator,FEDFUNDS,TOTRESNS,dflmx_k200_f1,dflmx_k200_f2,dflmx_k200_f3,dflmx_k200_f4",direct_at_h,ols_newey_west_scaffold,newey_west,1,0.97596,,
tdc_state_dep_bank_foreign_private_corr,slrwatch_bank_leverage_pressure_l1__high,repo_spread,2,2.4562955882665792e-06,6.83283246284326e-06,-1.093605603890621e-05,1.584864721543937e-05,0.35948424048501726,0.71923286526082,12,tdc_bank_only_qoq,"GDP,gdp_deflator,FEDFUNDS,TOTRESNS,dflmx_k200_f1,dflmx_k200_f2,dflmx_k200_f3,dflmx_k200_f4",direct_at_h,ols_newey_west_scaffold,newey_west,2,0.964137,,
