job_id,regime_id,outcome,horizon,beta,se,lower95,upper95,z_score,p_value_normal,n,treatment_id,control_ids_used,response_type,inference_method,covariance_estimator,covariance_lags,rsquared,warning_flags,dropped_control_ids,instrument_ids,first_stage_r2,first_stage_partial_r2,first_stage_f_excluded,weak_instrument_flag
tdc_lpiv_deposits_qra_bank_foreign_private_corr,exclude_2008_2009,matched_total_deposits,0,4.930119249392746,13.612665817248995,-21.750705752415286,31.610944251200777,0.36217147438862796,0.7172238947840579,64,tdc_bank_only_qoq,"GDP,gdp_deflator,FEDFUNDS,TOTRESNS,qra_maturity_tilt_flow,tsyparty_bank_foreign_private_corr_l1,dflmx_k200_f1,dflmx_k200_f2,dflmx_k200_f3,dflmx_k200_f4",direct_at_h,two_stage_least_squares_hc1_scaffold,hc1,0,0.0,weak_instrument,,iv_qra_x_bank_foreign_private_corr,0.676788,0.001259,0.065552,true
tdc_lpiv_deposits_qra_bank_foreign_private_corr,exclude_2008_2009,matched_total_deposits,1,-0.3524762166812252,4.955067527404687,-10.064408570394411,9.35945613703196,-0.0711344930683198,0.9432907161950224,63,tdc_bank_only_qoq,"GDP,gdp_deflator,FEDFUNDS,TOTRESNS,qra_maturity_tilt_flow,tsyparty_bank_foreign_private_corr_l1,dflmx_k200_f1,dflmx_k200_f2,dflmx_k200_f3,dflmx_k200_f4",direct_at_h,two_stage_least_squares_hc1_scaffold,hc1,0,0.483131,weak_instrument,,iv_qra_x_bank_foreign_private_corr,0.676478,0.001,0.051033,true
tdc_lpiv_deposits_qra_bank_foreign_private_corr,exclude_2008_2009,matched_total_deposits,2,-3.983887845877325,4.123290296924041,-12.065536827848444,4.097761136093794,-0.9661914536673031,0.3339483885726069,62,tdc_bank_only_qoq,"GDP,gdp_deflator,FEDFUNDS,TOTRESNS,qra_maturity_tilt_flow,tsyparty_bank_foreign_private_corr_l1,dflmx_k200_f1,dflmx_k200_f2,dflmx_k200_f3,dflmx_k200_f4",direct_at_h,two_stage_least_squares_hc1_scaffold,hc1,0,0.0,weak_instrument,,iv_qra_x_bank_foreign_private_corr,0.693209,0.012152,0.61506,true
tdc_lpiv_deposits_qra_bank_foreign_private_corr,exclude_2008_2009,matched_total_deposits,4,4.264808604521727,5.704181547235753,-6.915387228060348,15.445004437103803,0.7476635463309288,0.45466312444422763,60,tdc_bank_only_qoq,"GDP,gdp_deflator,FEDFUNDS,TOTRESNS,qra_maturity_tilt_flow,tsyparty_bank_foreign_private_corr_l1,dflmx_k200_f1,dflmx_k200_f2,dflmx_k200_f3,dflmx_k200_f4",direct_at_h,two_stage_least_squares_hc1_scaffold,hc1,0,0.0,weak_instrument,,iv_qra_x_bank_foreign_private_corr,0.732281,0.004328,0.208653,true
tdc_lpiv_deposits_qra_bank_foreign_private_corr,exclude_2008_2009,matched_total_deposits,8,-1.2249174579178899,2.9797621857341996,-7.065251341956921,4.615416426121142,-0.41107893233300963,0.6810146575399874,56,tdc_bank_only_qoq,"GDP,gdp_deflator,FEDFUNDS,TOTRESNS,qra_maturity_tilt_flow,tsyparty_bank_foreign_private_corr_l1,dflmx_k200_f1,dflmx_k200_f2,dflmx_k200_f3,dflmx_k200_f4",direct_at_h,two_stage_least_squares_hc1_scaffold,hc1,0,0.0,weak_instrument,,iv_qra_x_bank_foreign_private_corr,0.741419,0.005923,0.262157,true
tdc_lpiv_deposits_qra_bank_foreign_private_corr,exclude_2008_2009,other_component_qoq,0,3.9301192491178227,13.61266581811764,-22.75070575439275,30.610944252628396,0.28871047755297646,0.772802944062797,64,tdc_bank_only_qoq,"GDP,gdp_deflator,FEDFUNDS,TOTRESNS,qra_maturity_tilt_flow,tsyparty_bank_foreign_private_corr_l1,dflmx_k200_f1,dflmx_k200_f2,dflmx_k200_f3,dflmx_k200_f4",direct_at_h,two_stage_least_squares_hc1_scaffold,hc1,0,0.0,weak_instrument,,iv_qra_x_bank_foreign_private_corr,0.676788,0.001259,0.065552,true
tdc_lpiv_deposits_qra_bank_foreign_private_corr,exclude_2008_2009,other_component_qoq,1,-3.0949163564057756,11.04853408520405,-24.750043163405714,18.560210450594163,-0.280120089465119,0.7793853722887354,63,tdc_bank_only_qoq,"GDP,gdp_deflator,FEDFUNDS,TOTRESNS,qra_maturity_tilt_flow,tsyparty_bank_foreign_private_corr_l1,dflmx_k200_f1,dflmx_k200_f2,dflmx_k200_f3,dflmx_k200_f4",direct_at_h,two_stage_least_squares_hc1_scaffold,hc1,0,0.0,weak_instrument,,iv_qra_x_bank_foreign_private_corr,0.676478,0.001,0.051033,true
tdc_lpiv_deposits_qra_bank_foreign_private_corr,exclude_2008_2009,other_component_qoq,2,-2.73859770865636,3.015606296722829,-8.649186050233105,3.171990632920384,-0.9081416601472466,0.36380338235175946,62,tdc_bank_only_qoq,"GDP,gdp_deflator,FEDFUNDS,TOTRESNS,qra_maturity_tilt_flow,tsyparty_bank_foreign_private_corr_l1,dflmx_k200_f1,dflmx_k200_f2,dflmx_k200_f3,dflmx_k200_f4",direct_at_h,two_stage_least_squares_hc1_scaffold,hc1,0,0.0,weak_instrument,,iv_qra_x_bank_foreign_private_corr,0.693209,0.012152,0.61506,true
tdc_lpiv_deposits_qra_bank_foreign_private_corr,exclude_2008_2009,other_component_qoq,4,1.132397884726137,3.3163503880776912,-5.367648875906138,7.632444645358412,0.3414590595725703,0.7327580205133974,60,tdc_bank_only_qoq,"GDP,gdp_deflator,FEDFUNDS,TOTRESNS,qra_maturity_tilt_flow,tsyparty_bank_foreign_private_corr_l1,dflmx_k200_f1,dflmx_k200_f2,dflmx_k200_f3,dflmx_k200_f4",direct_at_h,two_stage_least_squares_hc1_scaffold,hc1,0,0.0,weak_instrument,,iv_qra_x_bank_foreign_private_corr,0.732281,0.004328,0.208653,true
tdc_lpiv_deposits_qra_bank_foreign_private_corr,exclude_2008_2009,other_component_qoq,8,-0.4793288092886121,2.5486860568710252,-5.474753480755822,4.516095862178598,-0.1880689887231836,0.8508225707049721,56,tdc_bank_only_qoq,"GDP,gdp_deflator,FEDFUNDS,TOTRESNS,qra_maturity_tilt_flow,tsyparty_bank_foreign_private_corr_l1,dflmx_k200_f1,dflmx_k200_f2,dflmx_k200_f3,dflmx_k200_f4",direct_at_h,two_stage_least_squares_hc1_scaffold,hc1,0,0.328097,weak_instrument,,iv_qra_x_bank_foreign_private_corr,0.741419,0.005923,0.262157,true
tdc_lpiv_deposits_qra_bank_foreign_private_corr,exclude_2020,matched_total_deposits,0,1.8363511069941865,4.569564990451947,-7.11999627429163,10.792698488280003,0.4018656285294598,0.6877829196038823,64,tdc_bank_only_qoq,"GDP,gdp_deflator,FEDFUNDS,TOTRESNS,qra_maturity_tilt_flow,tsyparty_bank_foreign_private_corr_l1,dflmx_k200_f1,dflmx_k200_f2,dflmx_k200_f3,dflmx_k200_f4",direct_at_h,two_stage_least_squares_hc1_scaffold,hc1,0,0.0,weak_instrument,,iv_qra_x_bank_foreign_private_corr,0.720192,0.001348,0.070168,true
tdc_lpiv_deposits_qra_bank_foreign_private_corr,exclude_2020,matched_total_deposits,1,-2.1469778503775387,8.559526514899513,-18.923649819580586,14.629694118825508,-0.2508290437140779,0.8019462856002069,63,tdc_bank_only_qoq,"GDP,gdp_deflator,FEDFUNDS,TOTRESNS,qra_maturity_tilt_flow,tsyparty_bank_foreign_private_corr_l1,dflmx_k200_f1,dflmx_k200_f2,dflmx_k200_f3,dflmx_k200_f4",direct_at_h,two_stage_least_squares_hc1_scaffold,hc1,0,0.0,weak_instrument,,iv_qra_x_bank_foreign_private_corr,0.721488,0.001036,0.052895,true
tdc_lpiv_deposits_qra_bank_foreign_private_corr,exclude_2020,matched_total_deposits,2,-2.057155733789238,3.129858368407691,-8.191678135868312,4.077366668289836,-0.6572679947929438,0.511008611895404,62,tdc_bank_only_qoq,"GDP,gdp_deflator,FEDFUNDS,TOTRESNS,qra_maturity_tilt_flow,tsyparty_bank_foreign_private_corr_l1,dflmx_k200_f1,dflmx_k200_f2,dflmx_k200_f3,dflmx_k200_f4",direct_at_h,two_stage_least_squares_hc1_scaffold,hc1,0,0.0,weak_instrument,,iv_qra_x_bank_foreign_private_corr,0.731141,0.00687,0.345886,true
tdc_lpiv_deposits_qra_bank_foreign_private_corr,exclude_2020,matched_total_deposits,4,2.899935086500257,9.237944244770276,-15.206435633249484,21.006305806249998,0.3139156298915691,0.7535851190705412,60,tdc_bank_only_qoq,"GDP,gdp_deflator,FEDFUNDS,TOTRESNS,qra_maturity_tilt_flow,tsyparty_bank_foreign_private_corr_l1,dflmx_k200_f1,dflmx_k200_f2,dflmx_k200_f3,dflmx_k200_f4",direct_at_h,two_stage_least_squares_hc1_scaffold,hc1,0,0.0,weak_instrument,,iv_qra_x_bank_foreign_private_corr,0.777596,0.000778,0.037361,true
tdc_lpiv_deposits_qra_bank_foreign_private_corr,exclude_2020,matched_total_deposits,8,-0.42385215541814425,2.7140328225404087,-5.743356487597345,4.895652176761057,-0.15617060777526157,0.8758985440378049,56,tdc_bank_only_qoq,"GDP,gdp_deflator,FEDFUNDS,TOTRESNS,qra_maturity_tilt_flow,tsyparty_bank_foreign_private_corr_l1,dflmx_k200_f1,dflmx_k200_f2,dflmx_k200_f3,dflmx_k200_f4",direct_at_h,two_stage_least_squares_hc1_scaffold,hc1,0,0.224137,weak_instrument,,iv_qra_x_bank_foreign_private_corr,0.788051,0.004483,0.198138,true
tdc_lpiv_deposits_qra_bank_foreign_private_corr,exclude_2020,other_component_qoq,0,0.8363511066836509,4.569564988135454,-8.119996270061838,9.79269848342914,0.1830264169248443,0.8547772910073912,64,tdc_bank_only_qoq,"GDP,gdp_deflator,FEDFUNDS,TOTRESNS,qra_maturity_tilt_flow,tsyparty_bank_foreign_private_corr_l1,dflmx_k200_f1,dflmx_k200_f2,dflmx_k200_f3,dflmx_k200_f4",direct_at_h,two_stage_least_squares_hc1_scaffold,hc1,0,0.008867,weak_instrument,,iv_qra_x_bank_foreign_private_corr,0.720192,0.001348,0.070168,true
tdc_lpiv_deposits_qra_bank_foreign_private_corr,exclude_2020,other_component_qoq,1,-3.2750467242020704,11.461485497731838,-25.73955829975647,19.18946485135233,-0.2857436520641398,0.7750744684439896,63,tdc_bank_only_qoq,"GDP,gdp_deflator,FEDFUNDS,TOTRESNS,qra_maturity_tilt_flow,tsyparty_bank_foreign_private_corr_l1,dflmx_k200_f1,dflmx_k200_f2,dflmx_k200_f3,dflmx_k200_f4",direct_at_h,two_stage_least_squares_hc1_scaffold,hc1,0,0.0,weak_instrument,,iv_qra_x_bank_foreign_private_corr,0.721488,0.001036,0.052895,true
tdc_lpiv_deposits_qra_bank_foreign_private_corr,exclude_2020,other_component_qoq,2,-0.31782846503249473,1.8765719984974816,-3.9959095820875588,3.3602526520225693,-0.16936651793108448,0.8655083578331759,62,tdc_bank_only_qoq,"GDP,gdp_deflator,FEDFUNDS,TOTRESNS,qra_maturity_tilt_flow,tsyparty_bank_foreign_private_corr_l1,dflmx_k200_f1,dflmx_k200_f2,dflmx_k200_f3,dflmx_k200_f4",direct_at_h,two_stage_least_squares_hc1_scaffold,hc1,0,0.387362,weak_instrument,,iv_qra_x_bank_foreign_private_corr,0.731141,0.00687,0.345886,true
tdc_lpiv_deposits_qra_bank_foreign_private_corr,exclude_2020,other_component_qoq,4,2.1629521119616477,10.223951436953755,-17.87599270446771,22.201896928391005,0.2115573538567299,0.8324523828779213,60,tdc_bank_only_qoq,"GDP,gdp_deflator,FEDFUNDS,TOTRESNS,qra_maturity_tilt_flow,tsyparty_bank_foreign_private_corr_l1,dflmx_k200_f1,dflmx_k200_f2,dflmx_k200_f3,dflmx_k200_f4",direct_at_h,two_stage_least_squares_hc1_scaffold,hc1,0,0.0,weak_instrument,,iv_qra_x_bank_foreign_private_corr,0.777596,0.000778,0.037361,true
tdc_lpiv_deposits_qra_bank_foreign_private_corr,exclude_2020,other_component_qoq,8,-0.5063228173315681,2.363550494589355,-5.138881786726703,4.1262361520635675,-0.21422128213069427,0.8303745005524328,56,tdc_bank_only_qoq,"GDP,gdp_deflator,FEDFUNDS,TOTRESNS,qra_maturity_tilt_flow,tsyparty_bank_foreign_private_corr_l1,dflmx_k200_f1,dflmx_k200_f2,dflmx_k200_f3,dflmx_k200_f4",direct_at_h,two_stage_least_squares_hc1_scaffold,hc1,0,0.306782,weak_instrument,,iv_qra_x_bank_foreign_private_corr,0.788051,0.004483,0.198138,true
tdc_lpiv_deposits_qra_bank_foreign_private_corr,coord_on_rrp_drain_state_l1__low,matched_total_deposits,0,2.5314396466428093,4.7381572616315175,-6.755348586154964,11.818227879440583,0.5342667005043947,0.5931570273739011,31,tdc_bank_only_qoq,"GDP,gdp_deflator,FEDFUNDS,TOTRESNS,qra_maturity_tilt_flow,tsyparty_bank_foreign_private_corr_l1,dflmx_k200_f1,dflmx_k200_f2,dflmx_k200_f3,dflmx_k200_f4",direct_at_h,two_stage_least_squares_hc1_scaffold,hc1,0,0.0,weak_instrument,,iv_qra_x_bank_foreign_private_corr,0.74929,0.005746,0.109805,true
tdc_lpiv_deposits_qra_bank_foreign_private_corr,coord_on_rrp_drain_state_l1__low,matched_total_deposits,1,3.2121621402690437,9.66786315983935,-15.73684965301608,22.161173933554167,0.3322515107177438,0.7396993508650893,30,tdc_bank_only_qoq,"GDP,gdp_deflator,FEDFUNDS,TOTRESNS,qra_maturity_tilt_flow,tsyparty_bank_foreign_private_corr_l1,dflmx_k200_f1,dflmx_k200_f2,dflmx_k200_f3,dflmx_k200_f4",direct_at_h,two_stage_least_squares_hc1_scaffold,hc1,0,0.0,weak_instrument,,iv_qra_x_bank_foreign_private_corr,0.7543,0.003549,0.064104,true
tdc_lpiv_deposits_qra_bank_foreign_private_corr,coord_on_rrp_drain_state_l1__low,matched_total_deposits,2,15.31434140341321,200.15906414830266,-376.99742432726,407.6261071340864,0.07651085634606308,0.9390126771788645,29,tdc_bank_only_qoq,"GDP,gdp_deflator,FEDFUNDS,TOTRESNS,qra_maturity_tilt_flow,tsyparty_bank_foreign_private_corr_l1,dflmx_k200_f1,dflmx_k200_f2,dflmx_k200_f3,dflmx_k200_f4",direct_at_h,two_stage_least_squares_hc1_scaffold,hc1,0,0.0,weak_instrument,,iv_qra_x_bank_foreign_private_corr,0.759891,0.000154,0.002615,true
tdc_lpiv_deposits_qra_bank_foreign_private_corr,coord_on_rrp_drain_state_l1__low,matched_total_deposits,4,3.938001983404199,7.965721500960807,-11.674812158478984,19.550816125287383,0.49436852429867223,0.6210459389733187,27,tdc_bank_only_qoq,"GDP,gdp_deflator,FEDFUNDS,TOTRESNS,qra_maturity_tilt_flow,tsyparty_bank_foreign_private_corr_l1,dflmx_k200_f1,dflmx_k200_f2,dflmx_k200_f3,dflmx_k200_f4",direct_at_h,two_stage_least_squares_hc1_scaffold,hc1,0,0.0,weak_instrument,,iv_qra_x_bank_foreign_private_corr,0.845466,0.008851,0.133943,true
tdc_lpiv_deposits_qra_bank_foreign_private_corr,coord_on_rrp_drain_state_l1__low,matched_total_deposits,8,0.7567900249652879,6.428202697894432,-11.842487262907799,13.356067312838373,0.11772964552178414,0.9062818763927771,23,tdc_bank_only_qoq,"GDP,gdp_deflator,FEDFUNDS,TOTRESNS,qra_maturity_tilt_flow,tsyparty_bank_foreign_private_corr_l1,dflmx_k200_f1,dflmx_k200_f2,dflmx_k200_f3,dflmx_k200_f4",direct_at_h,two_stage_least_squares_hc1_scaffold,hc1,0,0.348877,weak_instrument,,iv_qra_x_bank_foreign_private_corr,0.89003,0.002752,0.03036,true
tdc_lpiv_deposits_qra_bank_foreign_private_corr,coord_on_rrp_drain_state_l1__low,other_component_qoq,0,1.5314396464914921,4.7381572610446145,-7.755348585155952,10.818227878138936,0.3232141868912679,0.7465330374631363,31,tdc_bank_only_qoq,"GDP,gdp_deflator,FEDFUNDS,TOTRESNS,qra_maturity_tilt_flow,tsyparty_bank_foreign_private_corr_l1,dflmx_k200_f1,dflmx_k200_f2,dflmx_k200_f3,dflmx_k200_f4",direct_at_h,two_stage_least_squares_hc1_scaffold,hc1,0,0.0,weak_instrument,,iv_qra_x_bank_foreign_private_corr,0.74929,0.005746,0.109805,true
tdc_lpiv_deposits_qra_bank_foreign_private_corr,coord_on_rrp_drain_state_l1__low,other_component_qoq,1,-1.1287679867555411,4.785473375737889,-10.508295803201804,8.250759829690722,-0.23587384112893373,0.8135305673331426,30,tdc_bank_only_qoq,"GDP,gdp_deflator,FEDFUNDS,TOTRESNS,qra_maturity_tilt_flow,tsyparty_bank_foreign_private_corr_l1,dflmx_k200_f1,dflmx_k200_f2,dflmx_k200_f3,dflmx_k200_f4",direct_at_h,two_stage_least_squares_hc1_scaffold,hc1,0,0.06552,weak_instrument,,iv_qra_x_bank_foreign_private_corr,0.7543,0.003549,0.064104,true
tdc_lpiv_deposits_qra_bank_foreign_private_corr,coord_on_rrp_drain_state_l1__low,other_component_qoq,2,7.686002921307136,97.74060186773225,-183.88557673944808,199.25758258206235,0.07863674639233592,0.9373215586306649,29,tdc_bank_only_qoq,"GDP,gdp_deflator,FEDFUNDS,TOTRESNS,qra_maturity_tilt_flow,tsyparty_bank_foreign_private_corr_l1,dflmx_k200_f1,dflmx_k200_f2,dflmx_k200_f3,dflmx_k200_f4",direct_at_h,two_stage_least_squares_hc1_scaffold,hc1,0,0.0,weak_instrument,,iv_qra_x_bank_foreign_private_corr,0.759891,0.000154,0.002615,true
tdc_lpiv_deposits_qra_bank_foreign_private_corr,coord_on_rrp_drain_state_l1__low,other_component_qoq,4,4.410646497728045,7.246820660980959,-9.793121997794636,18.614414993250726,0.6086319372405998,0.5427684304660145,27,tdc_bank_only_qoq,"GDP,gdp_deflator,FEDFUNDS,TOTRESNS,qra_maturity_tilt_flow,tsyparty_bank_foreign_private_corr_l1,dflmx_k200_f1,dflmx_k200_f2,dflmx_k200_f3,dflmx_k200_f4",direct_at_h,two_stage_least_squares_hc1_scaffold,hc1,0,0.0,weak_instrument,,iv_qra_x_bank_foreign_private_corr,0.845466,0.008851,0.133943,true
tdc_lpiv_deposits_qra_bank_foreign_private_corr,coord_on_rrp_drain_state_l1__low,other_component_qoq,8,3.4997092235921414,17.23799453202942,-30.286760059185518,37.2861785063698,0.20302299186192646,0.8391170615211092,23,tdc_bank_only_qoq,"GDP,gdp_deflator,FEDFUNDS,TOTRESNS,qra_maturity_tilt_flow,tsyparty_bank_foreign_private_corr_l1,dflmx_k200_f1,dflmx_k200_f2,dflmx_k200_f3,dflmx_k200_f4",direct_at_h,two_stage_least_squares_hc1_scaffold,hc1,0,0.0,weak_instrument,,iv_qra_x_bank_foreign_private_corr,0.89003,0.002752,0.03036,true
tdc_lpiv_deposits_qra_bank_foreign_private_corr,coord_on_rrp_drain_state_l1__high,matched_total_deposits,0,0.40185874765361973,1.3893349653641303,-2.3212377844600756,3.124955279767315,0.28924539990130943,0.7723935917830678,36,tdc_bank_only_qoq,"GDP,gdp_deflator,FEDFUNDS,TOTRESNS,qra_maturity_tilt_flow,tsyparty_bank_foreign_private_corr_l1,dflmx_k200_f1,dflmx_k200_f2,dflmx_k200_f3,dflmx_k200_f4",direct_at_h,two_stage_least_squares_hc1_scaffold,hc1,0,0.74065,weak_instrument,,iv_qra_x_bank_foreign_private_corr,0.673853,0.01675,0.408847,true
tdc_lpiv_deposits_qra_bank_foreign_private_corr,coord_on_rrp_drain_state_l1__high,matched_total_deposits,1,-0.6900123836660583,1.6065528836101717,-3.838856035541995,2.4588312682098783,-0.42949870539928586,0.6675603358085571,35,tdc_bank_only_qoq,"GDP,gdp_deflator,FEDFUNDS,TOTRESNS,qra_maturity_tilt_flow,tsyparty_bank_foreign_private_corr_l1,dflmx_k200_f1,dflmx_k200_f2,dflmx_k200_f3,dflmx_k200_f4",direct_at_h,two_stage_least_squares_hc1_scaffold,hc1,0,0.489042,weak_instrument,,iv_qra_x_bank_foreign_private_corr,0.712797,0.043108,1.03615,true
tdc_lpiv_deposits_qra_bank_foreign_private_corr,coord_on_rrp_drain_state_l1__high,matched_total_deposits,2,-2.931449250050428,2.728148562671342,-8.278620432886258,2.4157219327854023,-1.0745196541569637,0.2825898407247651,34,tdc_bank_only_qoq,"GDP,gdp_deflator,FEDFUNDS,TOTRESNS,qra_maturity_tilt_flow,tsyparty_bank_foreign_private_corr_l1,dflmx_k200_f1,dflmx_k200_f2,dflmx_k200_f3,dflmx_k200_f4",direct_at_h,two_stage_least_squares_hc1_scaffold,hc1,0,0.0,weak_instrument,,iv_qra_x_bank_foreign_private_corr,0.709107,0.061195,1.434054,true
tdc_lpiv_deposits_qra_bank_foreign_private_corr,coord_on_rrp_drain_state_l1__high,matched_total_deposits,4,2.132994448173542,2.3026610521411994,-2.3802212140232086,6.646210110370292,0.9263171608301239,0.35428118022227584,32,tdc_bank_only_qoq,"GDP,gdp_deflator,FEDFUNDS,TOTRESNS,qra_maturity_tilt_flow,tsyparty_bank_foreign_private_corr_l1,dflmx_k200_f1,dflmx_k200_f2,dflmx_k200_f3,dflmx_k200_f4",direct_at_h,two_stage_least_squares_hc1_scaffold,hc1,0,0.0,weak_instrument,,iv_qra_x_bank_foreign_private_corr,0.617066,0.072434,1.561805,true
tdc_lpiv_deposits_qra_bank_foreign_private_corr,coord_on_rrp_drain_state_l1__high,matched_total_deposits,8,0.7656234719641191,2.2180360777397032,-3.581727240405699,5.112974184333937,0.34518080190306466,0.7299584506704284,28,tdc_bank_only_qoq,"GDP,gdp_deflator,FEDFUNDS,TOTRESNS,qra_maturity_tilt_flow,tsyparty_bank_foreign_private_corr_l1,dflmx_k200_f1,dflmx_k200_f2,dflmx_k200_f3,dflmx_k200_f4",direct_at_h,two_stage_least_squares_hc1_scaffold,hc1,0,0.558515,weak_instrument,,iv_qra_x_bank_foreign_private_corr,0.646302,0.045097,0.755621,true
tdc_lpiv_deposits_qra_bank_foreign_private_corr,coord_on_rrp_drain_state_l1__high,other_component_qoq,0,-0.5981412522849894,1.3893349652292535,-3.3212377841343264,2.1249552795643476,-0.4305234282981501,0.6668149280725371,36,tdc_bank_only_qoq,"GDP,gdp_deflator,FEDFUNDS,TOTRESNS,qra_maturity_tilt_flow,tsyparty_bank_foreign_private_corr_l1,dflmx_k200_f1,dflmx_k200_f2,dflmx_k200_f3,dflmx_k200_f4",direct_at_h,two_stage_least_squares_hc1_scaffold,hc1,0,0.767489,weak_instrument,,iv_qra_x_bank_foreign_private_corr,0.673853,0.01675,0.408847,true
tdc_lpiv_deposits_qra_bank_foreign_private_corr,coord_on_rrp_drain_state_l1__high,other_component_qoq,1,0.35458677276167805,1.1353438026622678,-1.8706870804563667,2.5798606259797228,0.31231664974980045,0.7547998877937185,35,tdc_bank_only_qoq,"GDP,gdp_deflator,FEDFUNDS,TOTRESNS,qra_maturity_tilt_flow,tsyparty_bank_foreign_private_corr_l1,dflmx_k200_f1,dflmx_k200_f2,dflmx_k200_f3,dflmx_k200_f4",direct_at_h,two_stage_least_squares_hc1_scaffold,hc1,0,0.633311,weak_instrument,,iv_qra_x_bank_foreign_private_corr,0.712797,0.043108,1.03615,true
tdc_lpiv_deposits_qra_bank_foreign_private_corr,coord_on_rrp_drain_state_l1__high,other_component_qoq,2,-2.484672895584179,2.487365724085471,-7.359909714791702,2.3905639236233442,-0.9989173974397021,0.3178347077111596,34,tdc_bank_only_qoq,"GDP,gdp_deflator,FEDFUNDS,TOTRESNS,qra_maturity_tilt_flow,tsyparty_bank_foreign_private_corr_l1,dflmx_k200_f1,dflmx_k200_f2,dflmx_k200_f3,dflmx_k200_f4",direct_at_h,two_stage_least_squares_hc1_scaffold,hc1,0,0.0,weak_instrument,,iv_qra_x_bank_foreign_private_corr,0.709107,0.061195,1.434054,true
tdc_lpiv_deposits_qra_bank_foreign_private_corr,coord_on_rrp_drain_state_l1__high,other_component_qoq,4,0.6390825589906441,2.274607268510072,-3.819147687289097,5.097312805270385,0.28096391312829144,0.7787380785091929,32,tdc_bank_only_qoq,"GDP,gdp_deflator,FEDFUNDS,TOTRESNS,qra_maturity_tilt_flow,tsyparty_bank_foreign_private_corr_l1,dflmx_k200_f1,dflmx_k200_f2,dflmx_k200_f3,dflmx_k200_f4",direct_at_h,two_stage_least_squares_hc1_scaffold,hc1,0,0.327285,weak_instrument,,iv_qra_x_bank_foreign_private_corr,0.617066,0.072434,1.561805,true
tdc_lpiv_deposits_qra_bank_foreign_private_corr,coord_on_rrp_drain_state_l1__high,other_component_qoq,8,-2.0877451448159188,3.280764662014551,-8.51804388236444,4.342553592732601,-0.6363593125067192,0.5245422540156868,28,tdc_bank_only_qoq,"GDP,gdp_deflator,FEDFUNDS,TOTRESNS,qra_maturity_tilt_flow,tsyparty_bank_foreign_private_corr_l1,dflmx_k200_f1,dflmx_k200_f2,dflmx_k200_f3,dflmx_k200_f4",direct_at_h,two_stage_least_squares_hc1_scaffold,hc1,0,0.150484,weak_instrument,,iv_qra_x_bank_foreign_private_corr,0.646302,0.045097,0.755621,true
tdc_lpiv_deposits_qra_bank_foreign_private_corr,tsyparty_bank_absorption_share_l1__low,matched_total_deposits,0,0.5319644422771219,1.649712953588407,-2.7014729467561556,3.7654018313103994,0.3224587896458039,0.7471051528468349,24,tdc_bank_only_qoq,"GDP,gdp_deflator,FEDFUNDS,TOTRESNS,qra_maturity_tilt_flow,tsyparty_bank_foreign_private_corr_l1,dflmx_k200_f1,dflmx_k200_f2,dflmx_k200_f3,dflmx_k200_f4",direct_at_h,two_stage_least_squares_hc1_scaffold,hc1,0,0.84936,weak_instrument,,iv_qra_x_bank_foreign_private_corr,0.720236,0.041801,0.5235,true
tdc_lpiv_deposits_qra_bank_foreign_private_corr,tsyparty_bank_absorption_share_l1__low,matched_total_deposits,1,0.25716311080215704,2.6354686850435716,-4.908355511883243,5.422681733487557,0.09757775239811109,0.9222675911996006,23,tdc_bank_only_qoq,"GDP,gdp_deflator,FEDFUNDS,TOTRESNS,qra_maturity_tilt_flow,tsyparty_bank_foreign_private_corr_l1,dflmx_k200_f1,dflmx_k200_f2,dflmx_k200_f3,dflmx_k200_f4",direct_at_h,two_stage_least_squares_hc1_scaffold,hc1,0,0.4919,weak_instrument,,iv_qra_x_bank_foreign_private_corr,0.722923,0.035853,0.409049,true
tdc_lpiv_deposits_qra_bank_foreign_private_corr,tsyparty_bank_absorption_share_l1__low,matched_total_deposits,2,-1.7633025810108336,5.598760053151361,-12.7368722851875,9.210267123165833,-0.31494519577032554,0.7528032651812571,22,tdc_bank_only_qoq,"GDP,gdp_deflator,FEDFUNDS,TOTRESNS,qra_maturity_tilt_flow,tsyparty_bank_foreign_private_corr_l1,dflmx_k200_f1,dflmx_k200_f2,dflmx_k200_f3,dflmx_k200_f4",direct_at_h,two_stage_least_squares_hc1_scaffold,hc1,0,0.0,weak_instrument,,iv_qra_x_bank_foreign_private_corr,0.663166,0.03095,0.319387,true
tdc_lpiv_deposits_qra_bank_foreign_private_corr,tsyparty_bank_absorption_share_l1__low,matched_total_deposits,4,10.042057578822096,143.44074706066036,-271.1018066600722,291.1859218177164,0.07000840266521591,0.9441869716896487,20,tdc_bank_only_qoq,"GDP,gdp_deflator,FEDFUNDS,TOTRESNS,qra_maturity_tilt_flow,tsyparty_bank_foreign_private_corr_l1,dflmx_k200_f1,dflmx_k200_f2,dflmx_k200_f3,dflmx_k200_f4",direct_at_h,two_stage_least_squares_hc1_scaffold,hc1,0,0.0,weak_instrument,,iv_qra_x_bank_foreign_private_corr,0.781917,0.000714,0.005715,true
tdc_lpiv_deposits_qra_bank_foreign_private_corr,tsyparty_bank_absorption_share_l1__low,matched_total_deposits,8,-22.505917722302172,139.72219770831248,-296.36142523059465,251.3495897859903,-0.1610761789568046,0.8720334016777049,16,tdc_bank_only_qoq,"GDP,gdp_deflator,FEDFUNDS,TOTRESNS,qra_maturity_tilt_flow,tsyparty_bank_foreign_private_corr_l1,dflmx_k200_f1,dflmx_k200_f2,dflmx_k200_f3,dflmx_k200_f4",direct_at_h,two_stage_least_squares_hc1_scaffold,hc1,0,0.0,weak_instrument,,iv_qra_x_bank_foreign_private_corr,0.868156,0.00528,0.021233,true
tdc_lpiv_deposits_qra_bank_foreign_private_corr,tsyparty_bank_absorption_share_l1__low,other_component_qoq,0,-0.4680355577137618,1.6497129536070039,-3.7014729467834893,2.7654018313559656,-0.28370726961343706,0.7766347232104431,24,tdc_bank_only_qoq,"GDP,gdp_deflator,FEDFUNDS,TOTRESNS,qra_maturity_tilt_flow,tsyparty_bank_foreign_private_corr_l1,dflmx_k200_f1,dflmx_k200_f2,dflmx_k200_f3,dflmx_k200_f4",direct_at_h,two_stage_least_squares_hc1_scaffold,hc1,0,0.876979,weak_instrument,,iv_qra_x_bank_foreign_private_corr,0.720236,0.041801,0.5235,true
tdc_lpiv_deposits_qra_bank_foreign_private_corr,tsyparty_bank_absorption_share_l1__low,other_component_qoq,1,1.3640904132957274,2.7089292213315646,-3.945410860514139,6.673591687105594,0.5035533606984437,0.6145752738576016,23,tdc_bank_only_qoq,"GDP,gdp_deflator,FEDFUNDS,TOTRESNS,qra_maturity_tilt_flow,tsyparty_bank_foreign_private_corr_l1,dflmx_k200_f1,dflmx_k200_f2,dflmx_k200_f3,dflmx_k200_f4",direct_at_h,two_stage_least_squares_hc1_scaffold,hc1,0,0.461235,weak_instrument,,iv_qra_x_bank_foreign_private_corr,0.722923,0.035853,0.409049,true
tdc_lpiv_deposits_qra_bank_foreign_private_corr,tsyparty_bank_absorption_share_l1__low,other_component_qoq,2,-0.8092709193923611,4.85926676466861,-10.333433778142837,8.714891939358115,-0.16654177648292814,0.8677306093175954,22,tdc_bank_only_qoq,"GDP,gdp_deflator,FEDFUNDS,TOTRESNS,qra_maturity_tilt_flow,tsyparty_bank_foreign_private_corr_l1,dflmx_k200_f1,dflmx_k200_f2,dflmx_k200_f3,dflmx_k200_f4",direct_at_h,two_stage_least_squares_hc1_scaffold,hc1,0,0.189573,weak_instrument,,iv_qra_x_bank_foreign_private_corr,0.663166,0.03095,0.319387,true
tdc_lpiv_deposits_qra_bank_foreign_private_corr,tsyparty_bank_absorption_share_l1__low,other_component_qoq,4,-12.131446559477467,146.64694469613443,-299.55945816390096,275.296565044946,-0.08272553229537041,0.9340697826166309,20,tdc_bank_only_qoq,"GDP,gdp_deflator,FEDFUNDS,TOTRESNS,qra_maturity_tilt_flow,tsyparty_bank_foreign_private_corr_l1,dflmx_k200_f1,dflmx_k200_f2,dflmx_k200_f3,dflmx_k200_f4",direct_at_h,two_stage_least_squares_hc1_scaffold,hc1,0,0.0,weak_instrument,,iv_qra_x_bank_foreign_private_corr,0.781917,0.000714,0.005715,true
tdc_lpiv_deposits_qra_bank_foreign_private_corr,tsyparty_bank_absorption_share_l1__low,other_component_qoq,8,-7.562069417984077,50.23383618366625,-106.02038833796992,90.89624950200177,-0.15053736669314768,0.8803406722589815,16,tdc_bank_only_qoq,"GDP,gdp_deflator,FEDFUNDS,TOTRESNS,qra_maturity_tilt_flow,tsyparty_bank_foreign_private_corr_l1,dflmx_k200_f1,dflmx_k200_f2,dflmx_k200_f3,dflmx_k200_f4",direct_at_h,two_stage_least_squares_hc1_scaffold,hc1,0,0.0,weak_instrument,,iv_qra_x_bank_foreign_private_corr,0.868156,0.00528,0.021233,true
tdc_lpiv_deposits_qra_bank_foreign_private_corr,tsyparty_bank_absorption_share_l1__high,matched_total_deposits,0,1.7444435617504652,1.2474164141256676,-0.7004926099358433,4.189379733436773,1.3984452521198956,0.1619794022653931,40,tdc_bank_only_qoq,"GDP,gdp_deflator,FEDFUNDS,TOTRESNS,qra_maturity_tilt_flow,tsyparty_bank_foreign_private_corr_l1,dflmx_k200_f1,dflmx_k200_f2,dflmx_k200_f3,dflmx_k200_f4",direct_at_h,two_stage_least_squares_hc1_scaffold,hc1,0,0.23606,weak_instrument,,iv_qra_x_bank_foreign_private_corr,0.721531,0.037403,1.087981,true
tdc_lpiv_deposits_qra_bank_foreign_private_corr,tsyparty_bank_absorption_share_l1__high,matched_total_deposits,1,-0.6352283642125265,1.3790542485970152,-3.3381746914626764,2.0677179630376235,-0.4606260883926632,0.6450668911458228,39,tdc_bank_only_qoq,"GDP,gdp_deflator,FEDFUNDS,TOTRESNS,qra_maturity_tilt_flow,tsyparty_bank_foreign_private_corr_l1,dflmx_k200_f1,dflmx_k200_f2,dflmx_k200_f3,dflmx_k200_f4",direct_at_h,two_stage_least_squares_hc1_scaffold,hc1,0,0.542422,weak_instrument,,iv_qra_x_bank_foreign_private_corr,0.71932,0.033124,0.924992,true
tdc_lpiv_deposits_qra_bank_foreign_private_corr,tsyparty_bank_absorption_share_l1__high,matched_total_deposits,2,2.069404024217814,2.938347876928657,-3.6897578145623537,7.828565862997982,0.7042746845825767,0.4812617284832452,38,tdc_bank_only_qoq,"GDP,gdp_deflator,FEDFUNDS,TOTRESNS,qra_maturity_tilt_flow,tsyparty_bank_foreign_private_corr_l1,dflmx_k200_f1,dflmx_k200_f2,dflmx_k200_f3,dflmx_k200_f4",direct_at_h,two_stage_least_squares_hc1_scaffold,hc1,0,0.0,weak_instrument,,iv_qra_x_bank_foreign_private_corr,0.729339,0.01118,0.293972,true
tdc_lpiv_deposits_qra_bank_foreign_private_corr,tsyparty_bank_absorption_share_l1__high,matched_total_deposits,4,-6.452003963506513,46.18129104213399,-96.96733440608914,84.06332647907611,-0.1397103419568751,0.8888888548537923,36,tdc_bank_only_qoq,"GDP,gdp_deflator,FEDFUNDS,TOTRESNS,qra_maturity_tilt_flow,tsyparty_bank_foreign_private_corr_l1,dflmx_k200_f1,dflmx_k200_f2,dflmx_k200_f3,dflmx_k200_f4",direct_at_h,two_stage_least_squares_hc1_scaffold,hc1,0,0.0,weak_instrument,,iv_qra_x_bank_foreign_private_corr,0.784901,0.000358,0.008586,true
tdc_lpiv_deposits_qra_bank_foreign_private_corr,tsyparty_bank_absorption_share_l1__high,matched_total_deposits,8,0.30973951256765986,3.540091789827837,-6.6288403954949,7.24831942063022,0.08749476876776781,0.9302782434052121,32,tdc_bank_only_qoq,"GDP,gdp_deflator,FEDFUNDS,TOTRESNS,qra_maturity_tilt_flow,tsyparty_bank_foreign_private_corr_l1,dflmx_k200_f1,dflmx_k200_f2,dflmx_k200_f3,dflmx_k200_f4",direct_at_h,two_stage_least_squares_hc1_scaffold,hc1,0,0.397376,weak_instrument,,iv_qra_x_bank_foreign_private_corr,0.792602,0.003943,0.079168,true
tdc_lpiv_deposits_qra_bank_foreign_private_corr,tsyparty_bank_absorption_share_l1__high,other_component_qoq,0,0.7444435618073557,1.2474164141635198,-1.7004926099531432,3.1893797335678546,0.5967883325525721,0.5506487086487055,40,tdc_bank_only_qoq,"GDP,gdp_deflator,FEDFUNDS,TOTRESNS,qra_maturity_tilt_flow,tsyparty_bank_foreign_private_corr_l1,dflmx_k200_f1,dflmx_k200_f2,dflmx_k200_f3,dflmx_k200_f4",direct_at_h,two_stage_least_squares_hc1_scaffold,hc1,0,0.273299,weak_instrument,,iv_qra_x_bank_foreign_private_corr,0.721531,0.037403,1.087981,true
tdc_lpiv_deposits_qra_bank_foreign_private_corr,tsyparty_bank_absorption_share_l1__high,other_component_qoq,1,-0.7153163474672088,1.6238423383829834,-3.8980473306978562,2.4674146357634386,-0.4405084967666987,0.6595688597005616,39,tdc_bank_only_qoq,"GDP,gdp_deflator,FEDFUNDS,TOTRESNS,qra_maturity_tilt_flow,tsyparty_bank_foreign_private_corr_l1,dflmx_k200_f1,dflmx_k200_f2,dflmx_k200_f3,dflmx_k200_f4",direct_at_h,two_stage_least_squares_hc1_scaffold,hc1,0,0.077859,weak_instrument,,iv_qra_x_bank_foreign_private_corr,0.71932,0.033124,0.924992,true
tdc_lpiv_deposits_qra_bank_foreign_private_corr,tsyparty_bank_absorption_share_l1__high,other_component_qoq,2,0.3967640426970185,1.9253228576000734,-3.3768687581991252,4.170396843593162,0.20607662820332756,0.8367310549296343,38,tdc_bank_only_qoq,"GDP,gdp_deflator,FEDFUNDS,TOTRESNS,qra_maturity_tilt_flow,tsyparty_bank_foreign_private_corr_l1,dflmx_k200_f1,dflmx_k200_f2,dflmx_k200_f3,dflmx_k200_f4",direct_at_h,two_stage_least_squares_hc1_scaffold,hc1,0,0.404414,weak_instrument,,iv_qra_x_bank_foreign_private_corr,0.729339,0.01118,0.293972,true
tdc_lpiv_deposits_qra_bank_foreign_private_corr,tsyparty_bank_absorption_share_l1__high,other_component_qoq,4,-20.10406994334008,120.49821780281547,-256.2805768368584,216.07243695017826,-0.16684122230121765,0.8674949825382638,36,tdc_bank_only_qoq,"GDP,gdp_deflator,FEDFUNDS,TOTRESNS,qra_maturity_tilt_flow,tsyparty_bank_foreign_private_corr_l1,dflmx_k200_f1,dflmx_k200_f2,dflmx_k200_f3,dflmx_k200_f4",direct_at_h,two_stage_least_squares_hc1_scaffold,hc1,0,0.0,weak_instrument,,iv_qra_x_bank_foreign_private_corr,0.784901,0.000358,0.008586,true
tdc_lpiv_deposits_qra_bank_foreign_private_corr,tsyparty_bank_absorption_share_l1__high,other_component_qoq,8,-1.5504486978763268,6.1222000359695,-13.549960768376545,10.449063372623892,-0.25325025134217144,0.800074836852668,32,tdc_bank_only_qoq,"GDP,gdp_deflator,FEDFUNDS,TOTRESNS,qra_maturity_tilt_flow,tsyparty_bank_foreign_private_corr_l1,dflmx_k200_f1,dflmx_k200_f2,dflmx_k200_f3,dflmx_k200_f4",direct_at_h,two_stage_least_squares_hc1_scaffold,hc1,0,0.233349,weak_instrument,,iv_qra_x_bank_foreign_private_corr,0.792602,0.003943,0.079168,true
tdc_lpiv_deposits_qra_bank_foreign_private_corr,tsyparty_bank_foreign_private_corr_l1__low,matched_total_deposits,0,0.4825620891551088,0.8345113878384665,-1.1530802310082855,2.118204409318503,0.5782570450057378,0.5630905904393613,40,tdc_bank_only_qoq,"GDP,gdp_deflator,FEDFUNDS,TOTRESNS,qra_maturity_tilt_flow,tsyparty_bank_foreign_private_corr_l1,dflmx_k200_f1,dflmx_k200_f2,dflmx_k200_f3,dflmx_k200_f4",direct_at_h,two_stage_least_squares_hc1_scaffold,hc1,0,0.791023,weak_instrument,,iv_qra_x_bank_foreign_private_corr,0.81226,0.075656,2.291758,true
tdc_lpiv_deposits_qra_bank_foreign_private_corr,tsyparty_bank_foreign_private_corr_l1__low,matched_total_deposits,1,0.6927438595124689,0.7325427627741213,-0.7430399555248088,2.128527674549747,0.9456701979950836,0.344316827503657,39,tdc_bank_only_qoq,"GDP,gdp_deflator,FEDFUNDS,TOTRESNS,qra_maturity_tilt_flow,tsyparty_bank_foreign_private_corr_l1,dflmx_k200_f1,dflmx_k200_f2,dflmx_k200_f3,dflmx_k200_f4",direct_at_h,two_stage_least_squares_hc1_scaffold,hc1,0,0.693115,weak_instrument,,iv_qra_x_bank_foreign_private_corr,0.854358,0.102136,3.071356,true
tdc_lpiv_deposits_qra_bank_foreign_private_corr,tsyparty_bank_foreign_private_corr_l1__low,matched_total_deposits,2,-2.2746909449791333,0.9910830983211781,-4.217213817688642,-0.3321680722696241,-2.295156630995214,0.021724149600282683,38,tdc_bank_only_qoq,"GDP,gdp_deflator,FEDFUNDS,TOTRESNS,qra_maturity_tilt_flow,tsyparty_bank_foreign_private_corr_l1,dflmx_k200_f1,dflmx_k200_f2,dflmx_k200_f3,dflmx_k200_f4",direct_at_h,two_stage_least_squares_hc1_scaffold,hc1,0,0.027171,weak_instrument,,iv_qra_x_bank_foreign_private_corr,0.855187,0.104725,3.041366,true
tdc_lpiv_deposits_qra_bank_foreign_private_corr,tsyparty_bank_foreign_private_corr_l1__low,matched_total_deposits,4,0.26641118531295005,1.5507999255584122,-2.773156668781538,3.305979039407438,0.17178952676117823,0.8636029995518064,36,tdc_bank_only_qoq,"GDP,gdp_deflator,FEDFUNDS,TOTRESNS,qra_maturity_tilt_flow,tsyparty_bank_foreign_private_corr_l1,dflmx_k200_f1,dflmx_k200_f2,dflmx_k200_f3,dflmx_k200_f4",direct_at_h,two_stage_least_squares_hc1_scaffold,hc1,0,0.54902,weak_instrument,,iv_qra_x_bank_foreign_private_corr,0.863104,0.102966,2.754837,true
tdc_lpiv_deposits_qra_bank_foreign_private_corr,tsyparty_bank_foreign_private_corr_l1__low,matched_total_deposits,8,-0.5750281360415677,1.131098178347883,-2.791980565603418,1.641924293520283,-0.5083803926565168,0.6111866006443856,32,tdc_bank_only_qoq,"GDP,gdp_deflator,FEDFUNDS,TOTRESNS,qra_maturity_tilt_flow,tsyparty_bank_foreign_private_corr_l1,dflmx_k200_f1,dflmx_k200_f2,dflmx_k200_f3,dflmx_k200_f4",direct_at_h,two_stage_least_squares_hc1_scaffold,hc1,0,0.611563,weak_instrument,,iv_qra_x_bank_foreign_private_corr,0.860731,0.103434,2.307331,true
tdc_lpiv_deposits_qra_bank_foreign_private_corr,tsyparty_bank_foreign_private_corr_l1__low,other_component_qoq,0,-0.5174379108571099,0.8345113878390596,-2.153080231021667,1.118204409307447,-0.6200489512755466,0.5352255594774915,40,tdc_bank_only_qoq,"GDP,gdp_deflator,FEDFUNDS,TOTRESNS,qra_maturity_tilt_flow,tsyparty_bank_foreign_private_corr_l1,dflmx_k200_f1,dflmx_k200_f2,dflmx_k200_f3,dflmx_k200_f4",direct_at_h,two_stage_least_squares_hc1_scaffold,hc1,0,0.768988,weak_instrument,,iv_qra_x_bank_foreign_private_corr,0.81226,0.075656,2.291758,true
tdc_lpiv_deposits_qra_bank_foreign_private_corr,tsyparty_bank_foreign_private_corr_l1__low,other_component_qoq,1,0.7674178191205749,0.7970745649829474,-0.7948483282460019,2.329683966487152,0.9627930093804876,0.3356514095945329,39,tdc_bank_only_qoq,"GDP,gdp_deflator,FEDFUNDS,TOTRESNS,qra_maturity_tilt_flow,tsyparty_bank_foreign_private_corr_l1,dflmx_k200_f1,dflmx_k200_f2,dflmx_k200_f3,dflmx_k200_f4",direct_at_h,two_stage_least_squares_hc1_scaffold,hc1,0,0.575653,weak_instrument,,iv_qra_x_bank_foreign_private_corr,0.854358,0.102136,3.071356,true
tdc_lpiv_deposits_qra_bank_foreign_private_corr,tsyparty_bank_foreign_private_corr_l1__low,other_component_qoq,2,-1.122870600541483,0.830245698684927,-2.7501521699639397,0.5044109688809739,-1.3524557878710617,0.17622955315682853,38,tdc_bank_only_qoq,"GDP,gdp_deflator,FEDFUNDS,TOTRESNS,qra_maturity_tilt_flow,tsyparty_bank_foreign_private_corr_l1,dflmx_k200_f1,dflmx_k200_f2,dflmx_k200_f3,dflmx_k200_f4",direct_at_h,two_stage_least_squares_hc1_scaffold,hc1,0,0.410093,weak_instrument,,iv_qra_x_bank_foreign_private_corr,0.855187,0.104725,3.041366,true
tdc_lpiv_deposits_qra_bank_foreign_private_corr,tsyparty_bank_foreign_private_corr_l1__low,other_component_qoq,4,0.3378714566323072,1.4182396515423301,-2.4418782603906597,3.1176211736552744,0.2382329786541177,0.8117004000655528,36,tdc_bank_only_qoq,"GDP,gdp_deflator,FEDFUNDS,TOTRESNS,qra_maturity_tilt_flow,tsyparty_bank_foreign_private_corr_l1,dflmx_k200_f1,dflmx_k200_f2,dflmx_k200_f3,dflmx_k200_f4",direct_at_h,two_stage_least_squares_hc1_scaffold,hc1,0,0.332926,weak_instrument,,iv_qra_x_bank_foreign_private_corr,0.863104,0.102966,2.754837,true
tdc_lpiv_deposits_qra_bank_foreign_private_corr,tsyparty_bank_foreign_private_corr_l1__low,other_component_qoq,8,1.1371608791289463,1.322242920814657,-1.4544352456677818,3.7287570039256743,0.8600241765169152,0.38977571566373426,32,tdc_bank_only_qoq,"GDP,gdp_deflator,FEDFUNDS,TOTRESNS,qra_maturity_tilt_flow,tsyparty_bank_foreign_private_corr_l1,dflmx_k200_f1,dflmx_k200_f2,dflmx_k200_f3,dflmx_k200_f4",direct_at_h,two_stage_least_squares_hc1_scaffold,hc1,0,0.294018,weak_instrument,,iv_qra_x_bank_foreign_private_corr,0.860731,0.103434,2.307331,true
tdc_lpiv_deposits_qra_bank_foreign_private_corr,tsyparty_bank_foreign_private_corr_l1__high,matched_total_deposits,0,0.860386194417984,1.5529071518106181,-2.1833118231308273,3.9040842119667953,0.5540487036941091,0.5795455145965205,28,tdc_bank_only_qoq,"GDP,gdp_deflator,FEDFUNDS,TOTRESNS,qra_maturity_tilt_flow,tsyparty_bank_foreign_private_corr_l1,dflmx_k200_f1,dflmx_k200_f2,dflmx_k200_f3,dflmx_k200_f4",direct_at_h,two_stage_least_squares_hc1_scaffold,hc1,0,0.0,weak_instrument,,iv_qra_x_bank_foreign_private_corr,0.44919,0.012692,0.205689,true
tdc_lpiv_deposits_qra_bank_foreign_private_corr,tsyparty_bank_foreign_private_corr_l1__high,matched_total_deposits,1,-15.162020471703727,328.0473625515619,-658.1348510727651,627.8108101293576,-0.04621899823785533,0.963135700250972,27,tdc_bank_only_qoq,"GDP,gdp_deflator,FEDFUNDS,TOTRESNS,qra_maturity_tilt_flow,tsyparty_bank_foreign_private_corr_l1,dflmx_k200_f1,dflmx_k200_f2,dflmx_k200_f3,dflmx_k200_f4",direct_at_h,two_stage_least_squares_hc1_scaffold,hc1,0,0.0,weak_instrument,,iv_qra_x_bank_foreign_private_corr,0.600253,7.6e-05,0.001134,true
tdc_lpiv_deposits_qra_bank_foreign_private_corr,tsyparty_bank_foreign_private_corr_l1__high,matched_total_deposits,2,42.77832640428096,9051.26234775518,-17697.695875195874,17783.252528004436,0.004726227653194749,0.9962290299635177,26,tdc_bank_only_qoq,"GDP,gdp_deflator,FEDFUNDS,TOTRESNS,qra_maturity_tilt_flow,tsyparty_bank_foreign_private_corr_l1,dflmx_k200_f1,dflmx_k200_f2,dflmx_k200_f3,dflmx_k200_f4",direct_at_h,two_stage_least_squares_hc1_scaffold,hc1,0,0.0,weak_instrument,,iv_qra_x_bank_foreign_private_corr,0.510255,1e-06,1.2e-05,true
tdc_lpiv_deposits_qra_bank_foreign_private_corr,tsyparty_bank_foreign_private_corr_l1__high,matched_total_deposits,4,-3.637983782999072,23.136762830653936,-48.986038931080785,41.71007136508264,-0.15723823637847475,0.8750570948134859,24,tdc_bank_only_qoq,"GDP,gdp_deflator,FEDFUNDS,TOTRESNS,qra_maturity_tilt_flow,tsyparty_bank_foreign_private_corr_l1,dflmx_k200_f1,dflmx_k200_f2,dflmx_k200_f3,dflmx_k200_f4",direct_at_h,two_stage_least_squares_hc1_scaffold,hc1,0,0.0,weak_instrument,,iv_qra_x_bank_foreign_private_corr,0.720533,0.000735,0.008832,true
tdc_lpiv_deposits_qra_bank_foreign_private_corr,tsyparty_bank_foreign_private_corr_l1__high,matched_total_deposits,8,2.8532376689472585,7.817231579669711,-12.468536227205375,18.175011565099894,0.3649933662407647,0.715116358134491,20,tdc_bank_only_qoq,"GDP,gdp_deflator,FEDFUNDS,TOTRESNS,qra_maturity_tilt_flow,tsyparty_bank_foreign_private_corr_l1,dflmx_k200_f1,dflmx_k200_f2,dflmx_k200_f3,dflmx_k200_f4",direct_at_h,two_stage_least_squares_hc1_scaffold,hc1,0,0.0,weak_instrument,,iv_qra_x_bank_foreign_private_corr,0.77909,0.013194,0.106961,true
tdc_lpiv_deposits_qra_bank_foreign_private_corr,tsyparty_bank_foreign_private_corr_l1__high,other_component_qoq,0,-0.1396138051618152,1.552907152431166,-3.1833118239269003,2.90408421360327,-0.0899047988434091,0.9283628676726705,28,tdc_bank_only_qoq,"GDP,gdp_deflator,FEDFUNDS,TOTRESNS,qra_maturity_tilt_flow,tsyparty_bank_foreign_private_corr_l1,dflmx_k200_f1,dflmx_k200_f2,dflmx_k200_f3,dflmx_k200_f4",direct_at_h,two_stage_least_squares_hc1_scaffold,hc1,0,0.706712,weak_instrument,,iv_qra_x_bank_foreign_private_corr,0.44919,0.012692,0.205689,true
tdc_lpiv_deposits_qra_bank_foreign_private_corr,tsyparty_bank_foreign_private_corr_l1__high,other_component_qoq,1,-17.271453621295223,363.71470358054313,-730.1522726391597,695.6093653965693,-0.047486267261863745,0.9621256751264713,27,tdc_bank_only_qoq,"GDP,gdp_deflator,FEDFUNDS,TOTRESNS,qra_maturity_tilt_flow,tsyparty_bank_foreign_private_corr_l1,dflmx_k200_f1,dflmx_k200_f2,dflmx_k200_f3,dflmx_k200_f4",direct_at_h,two_stage_least_squares_hc1_scaffold,hc1,0,0.0,weak_instrument,,iv_qra_x_bank_foreign_private_corr,0.600253,7.6e-05,0.001134,true
tdc_lpiv_deposits_qra_bank_foreign_private_corr,tsyparty_bank_foreign_private_corr_l1__high,other_component_qoq,2,291.62821960635483,61869.25548351123,-120972.11252807565,121555.36896728836,0.004713620962904211,0.9962390885350219,26,tdc_bank_only_qoq,"GDP,gdp_deflator,FEDFUNDS,TOTRESNS,qra_maturity_tilt_flow,tsyparty_bank_foreign_private_corr_l1,dflmx_k200_f1,dflmx_k200_f2,dflmx_k200_f3,dflmx_k200_f4",direct_at_h,two_stage_least_squares_hc1_scaffold,hc1,0,0.0,weak_instrument,,iv_qra_x_bank_foreign_private_corr,0.510255,1e-06,1.2e-05,true
tdc_lpiv_deposits_qra_bank_foreign_private_corr,tsyparty_bank_foreign_private_corr_l1__high,other_component_qoq,4,13.362549958732416,101.05396084497937,-184.70321329742714,211.42831321489197,0.1322318278966925,0.8948009271324695,24,tdc_bank_only_qoq,"GDP,gdp_deflator,FEDFUNDS,TOTRESNS,qra_maturity_tilt_flow,tsyparty_bank_foreign_private_corr_l1,dflmx_k200_f1,dflmx_k200_f2,dflmx_k200_f3,dflmx_k200_f4",direct_at_h,two_stage_least_squares_hc1_scaffold,hc1,0,0.0,weak_instrument,,iv_qra_x_bank_foreign_private_corr,0.720533,0.000735,0.008832,true
tdc_lpiv_deposits_qra_bank_foreign_private_corr,tsyparty_bank_foreign_private_corr_l1__high,other_component_qoq,8,1.9361565418350164,5.620042497757422,-9.07912675376953,12.951439837439564,0.3445092350471736,0.7304633520692907,20,tdc_bank_only_qoq,"GDP,gdp_deflator,FEDFUNDS,TOTRESNS,qra_maturity_tilt_flow,tsyparty_bank_foreign_private_corr_l1,dflmx_k200_f1,dflmx_k200_f2,dflmx_k200_f3,dflmx_k200_f4",direct_at_h,two_stage_least_squares_hc1_scaffold,hc1,0,0.144789,weak_instrument,,iv_qra_x_bank_foreign_private_corr,0.77909,0.013194,0.106961,true
tdc_lpiv_deposits_qra_bank_foreign_private_corr,slrwatch_bank_leverage_pressure_l1__low,matched_total_deposits,0,1.1259899605289427,0.5563623465867453,0.035519761218921975,2.2164601598389635,2.0238428560754222,0.042986323106874114,13,tdc_bank_only_qoq,"GDP,gdp_deflator,FEDFUNDS,TOTRESNS,qra_maturity_tilt_flow,tsyparty_bank_foreign_private_corr_l1,dflmx_k200_f1,dflmx_k200_f2,dflmx_k200_f3,dflmx_k200_f4",direct_at_h,two_stage_least_squares_hc1_scaffold,hc1,0,0.930443,,,iv_qra_x_bank_foreign_private_corr,0.999302,0.992915,140.148725,false
tdc_lpiv_deposits_qra_bank_foreign_private_corr,slrwatch_bank_leverage_pressure_l1__low,other_component_qoq,0,0.12598996053089295,0.5563623465574671,-0.9644802387217426,1.2164601597835285,0.22645306841928664,0.820849057090947,13,tdc_bank_only_qoq,"GDP,gdp_deflator,FEDFUNDS,TOTRESNS,qra_maturity_tilt_flow,tsyparty_bank_foreign_private_corr_l1,dflmx_k200_f1,dflmx_k200_f2,dflmx_k200_f3,dflmx_k200_f4",direct_at_h,two_stage_least_squares_hc1_scaffold,hc1,0,0.919783,,,iv_qra_x_bank_foreign_private_corr,0.999302,0.992915,140.148725,false
tdc_lpiv_deposits_qra_bank_foreign_private_corr,slrwatch_bank_leverage_pressure_l1__high,matched_total_deposits,0,5.289243755567242,14.524522002320312,-23.17881936898057,33.75730688011505,0.36415957473314975,0.7157388521415378,14,tdc_bank_only_qoq,"GDP,gdp_deflator,FEDFUNDS,TOTRESNS,qra_maturity_tilt_flow,tsyparty_bank_foreign_private_corr_l1,dflmx_k200_f1,dflmx_k200_f2,dflmx_k200_f3,dflmx_k200_f4",direct_at_h,two_stage_least_squares_hc1_scaffold,hc1,0,0.227129,weak_instrument,,iv_qra_x_bank_foreign_private_corr,0.936531,0.062707,0.133805,true
tdc_lpiv_deposits_qra_bank_foreign_private_corr,slrwatch_bank_leverage_pressure_l1__high,matched_total_deposits,1,-1.582923041375011,9.955633297991149,-21.09596430543766,17.93011822268764,-0.15899772460426137,0.8736706665302851,13,tdc_bank_only_qoq,"GDP,gdp_deflator,FEDFUNDS,TOTRESNS,qra_maturity_tilt_flow,tsyparty_bank_foreign_private_corr_l1,dflmx_k200_f1,dflmx_k200_f2,dflmx_k200_f3,dflmx_k200_f4",direct_at_h,two_stage_least_squares_hc1_scaffold,hc1,0,0.801253,weak_instrument,,iv_qra_x_bank_foreign_private_corr,0.934623,0.063034,0.067275,true
tdc_lpiv_deposits_qra_bank_foreign_private_corr,slrwatch_bank_leverage_pressure_l1__high,other_component_qoq,0,4.289243755566844,14.524522002693825,-24.178819369713054,32.75730688084674,0.29531049316262037,0.7677567013986442,14,tdc_bank_only_qoq,"GDP,gdp_deflator,FEDFUNDS,TOTRESNS,qra_maturity_tilt_flow,tsyparty_bank_foreign_private_corr_l1,dflmx_k200_f1,dflmx_k200_f2,dflmx_k200_f3,dflmx_k200_f4",direct_at_h,two_stage_least_squares_hc1_scaffold,hc1,0,0.133349,weak_instrument,,iv_qra_x_bank_foreign_private_corr,0.936531,0.062707,0.133805,true
tdc_lpiv_deposits_qra_bank_foreign_private_corr,slrwatch_bank_leverage_pressure_l1__high,other_component_qoq,1,3.9635213198675103,12.922765909854386,-21.365099863447085,29.292142503182106,0.30670843591193486,0.7590653081482406,13,tdc_bank_only_qoq,"GDP,gdp_deflator,FEDFUNDS,TOTRESNS,qra_maturity_tilt_flow,tsyparty_bank_foreign_private_corr_l1,dflmx_k200_f1,dflmx_k200_f2,dflmx_k200_f3,dflmx_k200_f4",direct_at_h,two_stage_least_squares_hc1_scaffold,hc1,0,0.627069,weak_instrument,,iv_qra_x_bank_foreign_private_corr,0.934623,0.063034,0.067275,true
