job_id,outcome,horizon,beta,se,lower95,upper95,z_score,p_value_normal,n,treatment_id,control_ids_used,response_type,inference_method,covariance_estimator,covariance_lags,rsquared,warning_flags,dropped_control_ids
baseline_tdc_lp_deposit_sources_pct_gdp,matched_total_deposits_pct_gdp,0,0.001672287613398965,0.0005700998539889872,0.0005548918995805501,0.00278968332721738,2.9333240513884946,0.003353536720922312,93,tdc_bank_only_qoq,"GDP,gdp_deflator,FEDFUNDS,TOTRESNS",direct_at_h,ols_newey_west_scaffold,newey_west,1,0.157726,,
baseline_tdc_lp_deposit_sources_pct_gdp,matched_total_deposits_pct_gdp,1,0.0011392682275188472,0.0007141345803397947,-0.00026043554994715037,0.0025389720049848446,1.5953130668686681,0.11064224502204967,92,tdc_bank_only_qoq,"GDP,gdp_deflator,FEDFUNDS,TOTRESNS",direct_at_h,ols_newey_west_scaffold,newey_west,1,0.197089,,
baseline_tdc_lp_deposit_sources_pct_gdp,matched_total_deposits_pct_gdp,2,0.0003960203652348081,0.0004306667591999165,-0.00044808648279702826,0.0012401272132666445,0.9195517340844375,0.35780705901684406,91,tdc_bank_only_qoq,"GDP,gdp_deflator,FEDFUNDS,TOTRESNS",direct_at_h,ols_newey_west_scaffold,newey_west,2,0.113963,,
baseline_tdc_lp_deposit_sources_pct_gdp,matched_total_deposits_pct_gdp,4,0.00022917213005245332,0.0005760355746320401,-0.0008998575962263452,0.0013582018563312519,0.3978437099112218,0.6907453951734488,89,tdc_bank_only_qoq,"GDP,gdp_deflator,FEDFUNDS,TOTRESNS",direct_at_h,ols_newey_west_scaffold,newey_west,4,0.082594,,
baseline_tdc_lp_deposit_sources_pct_gdp,matched_total_deposits_pct_gdp,8,-0.0007828102318706686,0.000676223505872809,-0.002108208303381374,0.0005425878396400372,-1.1576205575112135,0.24701891621991967,85,tdc_bank_only_qoq,"GDP,gdp_deflator,FEDFUNDS,TOTRESNS",direct_at_h,ols_newey_west_scaffold,newey_west,8,0.081634,,
baseline_tdc_lp_deposit_sources_pct_gdp,other_component_qoq_pct_gdp,0,-0.003038271935520381,0.0006082110506071978,-0.004230365594710489,-0.0018461782763302735,-4.995423763654361,5.870671233587643e-07,93,tdc_bank_only_qoq,"GDP,gdp_deflator,FEDFUNDS,TOTRESNS",direct_at_h,ols_newey_west_scaffold,newey_west,1,0.306957,,
baseline_tdc_lp_deposit_sources_pct_gdp,other_component_qoq_pct_gdp,1,-0.0012017332905682855,0.0009444067567893229,-0.0030527705338753586,0.0006493039527387873,-1.272474261677023,0.20320466333047027,92,tdc_bank_only_qoq,"GDP,gdp_deflator,FEDFUNDS,TOTRESNS",direct_at_h,ols_newey_west_scaffold,newey_west,1,0.226392,,
baseline_tdc_lp_deposit_sources_pct_gdp,other_component_qoq_pct_gdp,2,-0.0015784488084361267,0.000594397936293945,-0.002743468763572259,-0.00041342885329999444,-2.65554220843651,0.007918102378486891,91,tdc_bank_only_qoq,"GDP,gdp_deflator,FEDFUNDS,TOTRESNS",direct_at_h,ols_newey_west_scaffold,newey_west,2,0.230868,,
baseline_tdc_lp_deposit_sources_pct_gdp,other_component_qoq_pct_gdp,4,-0.0013938867344442743,0.00042418846311049384,-0.0022252961221408425,-0.0005624773467477063,-3.286008120596129,0.001016180803403044,89,tdc_bank_only_qoq,"GDP,gdp_deflator,FEDFUNDS,TOTRESNS",direct_at_h,ols_newey_west_scaffold,newey_west,4,0.221874,,
baseline_tdc_lp_deposit_sources_pct_gdp,other_component_qoq_pct_gdp,8,-0.0014772484285478322,0.0005527211402363402,-0.002560581863411059,-0.0003939149936846055,-2.6726830602429463,0.007524730620235509,85,tdc_bank_only_qoq,"GDP,gdp_deflator,FEDFUNDS,TOTRESNS",direct_at_h,ols_newey_west_scaffold,newey_west,8,0.20234,,
baseline_tdc_lp_deposit_sources_pct_gdp,large_time_deposits_qoq_pct_gdp,0,-1.4888949963565038e-07,1.245516112956495e-07,-3.9301065777512345e-07,9.523165850382265e-08,-1.1954040424433352,0.23192920703823194,93,tdc_bank_only_qoq,"GDP,gdp_deflator,FEDFUNDS,TOTRESNS",direct_at_h,ols_newey_west_scaffold,newey_west,1,0.307635,,
baseline_tdc_lp_deposit_sources_pct_gdp,large_time_deposits_qoq_pct_gdp,1,-1.033866200492525e-07,1.320845197785921e-07,-3.6227227881529307e-07,1.5549903871678804e-07,-0.7827307864884944,0.43378521941171666,92,tdc_bank_only_qoq,"GDP,gdp_deflator,FEDFUNDS,TOTRESNS",direct_at_h,ols_newey_west_scaffold,newey_west,1,0.241226,,
baseline_tdc_lp_deposit_sources_pct_gdp,large_time_deposits_qoq_pct_gdp,2,-2.6374094234750075e-07,1.9982706694869496e-07,-6.554019935669429e-07,1.2792010887194135e-07,-1.319845936662902,0.18688646097285044,91,tdc_bank_only_qoq,"GDP,gdp_deflator,FEDFUNDS,TOTRESNS",direct_at_h,ols_newey_west_scaffold,newey_west,2,0.200314,,
baseline_tdc_lp_deposit_sources_pct_gdp,large_time_deposits_qoq_pct_gdp,4,-1.4890515203324045e-07,1.9177161838311265e-07,-5.247775240641412e-07,2.2696721999766034e-07,-0.7764712697775981,0.437470778023596,89,tdc_bank_only_qoq,"GDP,gdp_deflator,FEDFUNDS,TOTRESNS",direct_at_h,ols_newey_west_scaffold,newey_west,4,0.126854,,
baseline_tdc_lp_deposit_sources_pct_gdp,large_time_deposits_qoq_pct_gdp,8,2.2824463052250858e-07,1.563852157689209e-07,-7.827039238457643e-08,5.347596534295935e-07,1.4595026096313932,0.14442682289925513,85,tdc_bank_only_qoq,"GDP,gdp_deflator,FEDFUNDS,TOTRESNS",direct_at_h,ols_newey_west_scaffold,newey_west,8,0.167379,,
baseline_tdc_lp_deposit_sources_pct_gdp,retail_mmf_assets_qoq_pct_gdp,0,-1.2674849901984778e-07,6.131545021300717e-08,-2.469267814373418e-07,-6.570216602353744e-09,-2.0671543400485373,0.03871961309321281,93,tdc_bank_only_qoq,"GDP,gdp_deflator,FEDFUNDS,TOTRESNS",direct_at_h,ols_newey_west_scaffold,newey_west,1,0.565554,,
baseline_tdc_lp_deposit_sources_pct_gdp,retail_mmf_assets_qoq_pct_gdp,1,-5.785125380987144e-08,1.0322674261092534e-07,-2.6017566932728506e-07,1.444731617075422e-07,-0.5604289387287957,0.5751868973492873,92,tdc_bank_only_qoq,"GDP,gdp_deflator,FEDFUNDS,TOTRESNS",direct_at_h,ols_newey_west_scaffold,newey_west,1,0.531386,,
baseline_tdc_lp_deposit_sources_pct_gdp,retail_mmf_assets_qoq_pct_gdp,2,-1.8179030424068153e-07,8.192282047973528e-08,-3.4235903238096264e-07,-2.1221576100400404e-08,-2.219043523845103,0.02648376364705518,91,tdc_bank_only_qoq,"GDP,gdp_deflator,FEDFUNDS,TOTRESNS",direct_at_h,ols_newey_west_scaffold,newey_west,2,0.500761,,
baseline_tdc_lp_deposit_sources_pct_gdp,retail_mmf_assets_qoq_pct_gdp,4,-1.034720072908738e-07,9.255325962846314e-08,-2.8487639616266156e-07,7.793238158091395e-08,-1.117972589039455,0.26357870057670674,89,tdc_bank_only_qoq,"GDP,gdp_deflator,FEDFUNDS,TOTRESNS",direct_at_h,ols_newey_west_scaffold,newey_west,4,0.389902,,
baseline_tdc_lp_deposit_sources_pct_gdp,retail_mmf_assets_qoq_pct_gdp,8,1.4679227413193147e-07,7.028283555128086e-08,9.037916451420986e-09,2.8454663181244197e-07,2.0885935090770005,0.03674432998175603,85,tdc_bank_only_qoq,"GDP,gdp_deflator,FEDFUNDS,TOTRESNS",direct_at_h,ols_newey_west_scaffold,newey_west,8,0.352546,,
baseline_tdc_lp_deposit_sources_pct_gdp,institutional_mmf_assets_qoq_pct_gdp,0,2.520274797522974e-07,4.516672397266662e-07,-6.332403101119683e-07,1.1372952696165631e-06,0.5579937121514856,0.5768486778639099,74,tdc_bank_only_qoq,"GDP,gdp_deflator,FEDFUNDS,TOTRESNS",direct_at_h,ols_newey_west_scaffold,newey_west,1,0.226069,,
baseline_tdc_lp_deposit_sources_pct_gdp,institutional_mmf_assets_qoq_pct_gdp,1,6.097780429452973e-07,7.16349979843641e-07,-7.94267917548239e-07,2.0138240034388334e-06,0.8512292316646601,0.39464202767674994,73,tdc_bank_only_qoq,"GDP,gdp_deflator,FEDFUNDS,TOTRESNS",direct_at_h,ols_newey_west_scaffold,newey_west,1,0.38475,,
baseline_tdc_lp_deposit_sources_pct_gdp,institutional_mmf_assets_qoq_pct_gdp,2,-5.77307597759488e-07,5.905298711916783e-07,-1.7347461452951773e-06,5.801309497762014e-07,-0.977609475697634,0.3282675089907683,72,tdc_bank_only_qoq,"GDP,gdp_deflator,FEDFUNDS,TOTRESNS",direct_at_h,ols_newey_west_scaffold,newey_west,2,0.388655,,
baseline_tdc_lp_deposit_sources_pct_gdp,institutional_mmf_assets_qoq_pct_gdp,4,1.7825397433298772e-07,3.287705538365018e-07,-4.6613631118655575e-07,8.226442598525311e-07,0.5421835144689806,0.5876920908480152,70,tdc_bank_only_qoq,"GDP,gdp_deflator,FEDFUNDS,TOTRESNS",direct_at_h,ols_newey_west_scaffold,newey_west,4,0.351998,,
baseline_tdc_lp_deposit_sources_pct_gdp,institutional_mmf_assets_qoq_pct_gdp,8,8.305433972739552e-07,4.634154670175929e-07,-7.775091808052685e-08,1.7388377126284372e-06,1.7922220046281383,0.07309741118230062,66,tdc_bank_only_qoq,"GDP,gdp_deflator,FEDFUNDS,TOTRESNS",direct_at_h,ols_newey_west_scaffold,newey_west,8,0.146643,,
baseline_tdc_lp_deposit_sources_pct_gdp,bank_credit_qoq_pct_gdp,0,2.193853221552428e-07,4.14738784319231e-07,-5.9350269511045e-07,1.0322733394209356e-06,0.5289722843629171,0.5968246764353176,93,tdc_bank_only_qoq,"GDP,gdp_deflator,FEDFUNDS,TOTRESNS",direct_at_h,ols_newey_west_scaffold,newey_west,1,0.213529,,
baseline_tdc_lp_deposit_sources_pct_gdp,bank_credit_qoq_pct_gdp,1,1.0811573838602763e-07,2.319483589162998e-07,-3.465030450899199e-07,5.627345218619751e-07,0.4661198677635049,0.6411297028814475,92,tdc_bank_only_qoq,"GDP,gdp_deflator,FEDFUNDS,TOTRESNS",direct_at_h,ols_newey_west_scaffold,newey_west,1,0.286202,,
baseline_tdc_lp_deposit_sources_pct_gdp,bank_credit_qoq_pct_gdp,2,9.028824444220237e-08,2.0225842124996244e-07,-3.0613826120772404e-07,4.867147500921288e-07,0.44640042122458296,0.6553080286048749,91,tdc_bank_only_qoq,"GDP,gdp_deflator,FEDFUNDS,TOTRESNS",direct_at_h,ols_newey_west_scaffold,newey_west,2,0.29583,,
baseline_tdc_lp_deposit_sources_pct_gdp,bank_credit_qoq_pct_gdp,4,4.925623355884313e-07,2.726031564748678e-07,-4.1739851102309606e-08,1.026864522279172e-06,1.806884197372976,0.07078033697021402,89,tdc_bank_only_qoq,"GDP,gdp_deflator,FEDFUNDS,TOTRESNS",direct_at_h,ols_newey_west_scaffold,newey_west,4,0.211851,,
baseline_tdc_lp_deposit_sources_pct_gdp,bank_credit_qoq_pct_gdp,8,-8.657464922508786e-07,3.469037376790147e-07,-1.5456778181017474e-06,-1.8581516640000977e-07,-2.495638986317126,0.012573048918905538,85,tdc_bank_only_qoq,"GDP,gdp_deflator,FEDFUNDS,TOTRESNS",direct_at_h,ols_newey_west_scaffold,newey_west,8,0.127626,,
baseline_tdc_lp_deposit_sources_pct_gdp,bank_business_loans_qoq_pct_gdp,0,-2.962371754634059e-07,1.7701303766169033e-07,-6.43182729280319e-07,5.070837835350719e-08,-1.6735330875998993,0.09422239850839365,93,tdc_bank_only_qoq,"GDP,gdp_deflator,FEDFUNDS,TOTRESNS",direct_at_h,ols_newey_west_scaffold,newey_west,1,0.119328,,
baseline_tdc_lp_deposit_sources_pct_gdp,bank_business_loans_qoq_pct_gdp,1,-8.446473577474575e-08,2.8601344745540664e-07,-6.450510927873428e-07,4.7612162123785125e-07,-0.29531735841866297,0.7677514574392357,92,tdc_bank_only_qoq,"GDP,gdp_deflator,FEDFUNDS,TOTRESNS",direct_at_h,ols_newey_west_scaffold,newey_west,1,0.048758,,
baseline_tdc_lp_deposit_sources_pct_gdp,bank_business_loans_qoq_pct_gdp,2,-2.082973129253786e-07,1.5809119884372604e-07,-5.181560626590817e-07,1.0156143680832443e-07,-1.3175769078156057,0.1876453200542656,91,tdc_bank_only_qoq,"GDP,gdp_deflator,FEDFUNDS,TOTRESNS",direct_at_h,ols_newey_west_scaffold,newey_west,2,0.101331,,
baseline_tdc_lp_deposit_sources_pct_gdp,bank_business_loans_qoq_pct_gdp,4,1.2581789100091143e-07,8.914032321933416e-08,-4.889714250898353e-08,3.005329245108064e-07,1.411458770362884,0.1581093843961221,89,tdc_bank_only_qoq,"GDP,gdp_deflator,FEDFUNDS,TOTRESNS",direct_at_h,ols_newey_west_scaffold,newey_west,4,0.139779,,
baseline_tdc_lp_deposit_sources_pct_gdp,bank_business_loans_qoq_pct_gdp,8,-1.2681973435405528e-07,1.33054626085477e-07,-3.8760680148159017e-07,1.339673327734796e-07,-0.9531403611069014,0.3405189587310009,85,tdc_bank_only_qoq,"GDP,gdp_deflator,FEDFUNDS,TOTRESNS",direct_at_h,ols_newey_west_scaffold,newey_west,8,0.110911,,
baseline_tdc_lp_deposit_sources_pct_gdp,bank_ci_loans_h8_qoq_pct_gdp,0,-2.030390417557456e-07,2.4395684919000847e-07,-6.811944661681622e-07,2.751163826566709e-07,-0.8322744060266429,0.40525407368854727,93,tdc_bank_only_qoq,"GDP,gdp_deflator,FEDFUNDS,TOTRESNS",direct_at_h,ols_newey_west_scaffold,newey_west,1,0.064587,,
baseline_tdc_lp_deposit_sources_pct_gdp,bank_ci_loans_h8_qoq_pct_gdp,1,-1.443515057906546e-07,2.193882598431596e-07,-5.743524950832474e-07,2.856494835019382e-07,-0.6579727916792417,0.5105556146695285,92,tdc_bank_only_qoq,"GDP,gdp_deflator,FEDFUNDS,TOTRESNS",direct_at_h,ols_newey_west_scaffold,newey_west,1,0.066369,,
baseline_tdc_lp_deposit_sources_pct_gdp,bank_ci_loans_h8_qoq_pct_gdp,2,-2.228058146946707e-07,1.6169594795073933e-07,-5.397298726781198e-07,9.411824328877839e-08,-1.3779307244146186,0.168224677787427,91,tdc_bank_only_qoq,"GDP,gdp_deflator,FEDFUNDS,TOTRESNS",direct_at_h,ols_newey_west_scaffold,newey_west,2,0.109208,,
baseline_tdc_lp_deposit_sources_pct_gdp,bank_ci_loans_h8_qoq_pct_gdp,4,1.3378410466229774e-07,9.144338780859371e-08,-4.544493544254594e-08,3.130131447671414e-07,1.4630265552095492,0.14346011276902715,89,tdc_bank_only_qoq,"GDP,gdp_deflator,FEDFUNDS,TOTRESNS",direct_at_h,ols_newey_west_scaffold,newey_west,4,0.153534,,
baseline_tdc_lp_deposit_sources_pct_gdp,bank_ci_loans_h8_qoq_pct_gdp,8,-1.3154737769928366e-07,1.2845259082193455e-07,-3.8331445571027537e-07,1.2021970031170804e-07,-1.024092833453544,0.3057914290535726,85,tdc_bank_only_qoq,"GDP,gdp_deflator,FEDFUNDS,TOTRESNS",direct_at_h,ols_newey_west_scaffold,newey_west,8,0.12267,,
baseline_tdc_lp_deposit_sources_pct_gdp,bank_short_term_loans_z1_qoq_pct_gdp,0,-0.0009020159226714281,0.00042681466379128433,-0.0017385726637023455,-6.545918164051082e-05,-2.1133667589090166,0.03456938880268301,93,tdc_bank_only_qoq,"GDP,gdp_deflator,FEDFUNDS,TOTRESNS",direct_at_h,ols_newey_west_scaffold,newey_west,1,0.121641,,
baseline_tdc_lp_deposit_sources_pct_gdp,bank_short_term_loans_z1_qoq_pct_gdp,1,-0.00018802999279385747,0.00033594097191514517,-0.000846474297747542,0.000470414312159827,-0.5597114032323265,0.5756763030274632,92,tdc_bank_only_qoq,"GDP,gdp_deflator,FEDFUNDS,TOTRESNS",direct_at_h,ols_newey_west_scaffold,newey_west,1,0.097878,,
baseline_tdc_lp_deposit_sources_pct_gdp,bank_short_term_loans_z1_qoq_pct_gdp,2,-0.00037316099344204454,0.0003250649159136395,-0.0010102882286327779,0.0002639662417486888,-1.1479583774620046,0.25098574686377595,91,tdc_bank_only_qoq,"GDP,gdp_deflator,FEDFUNDS,TOTRESNS",direct_at_h,ols_newey_west_scaffold,newey_west,2,0.112985,,
baseline_tdc_lp_deposit_sources_pct_gdp,bank_short_term_loans_z1_qoq_pct_gdp,4,-0.00013956059010216456,0.00031067269610410124,-0.000748479074466203,0.00046935789426187386,-0.4492206487801559,0.653272493327361,89,tdc_bank_only_qoq,"GDP,gdp_deflator,FEDFUNDS,TOTRESNS",direct_at_h,ols_newey_west_scaffold,newey_west,4,0.131264,,
baseline_tdc_lp_deposit_sources_pct_gdp,bank_short_term_loans_z1_qoq_pct_gdp,8,-0.0007323403510421801,0.0002400118835604158,-0.001202763642820595,-0.00026191705926376514,-3.051267046357875,0.00227877800469356,85,tdc_bank_only_qoq,"GDP,gdp_deflator,FEDFUNDS,TOTRESNS",direct_at_h,ols_newey_west_scaffold,newey_west,8,0.106159,,
baseline_tdc_lp_deposit_sources_pct_gdp,bank_non_treasury_securities_qoq_pct_gdp,0,1.7246616992004712e-07,4.763412976927818e-08,7.910327557226189e-08,2.6582906426783233e-07,3.620642819663305,0.0002938719782821231,93,tdc_bank_only_qoq,"GDP,gdp_deflator,FEDFUNDS,TOTRESNS",direct_at_h,ols_newey_west_scaffold,newey_west,1,0.230156,,
baseline_tdc_lp_deposit_sources_pct_gdp,bank_non_treasury_securities_qoq_pct_gdp,1,1.9299041536721664e-07,5.199893151124716e-08,9.107250960517221e-08,2.949083211292611e-07,3.7114304036319203,0.00020609133478055597,92,tdc_bank_only_qoq,"GDP,gdp_deflator,FEDFUNDS,TOTRESNS",direct_at_h,ols_newey_west_scaffold,newey_west,1,0.218463,,
baseline_tdc_lp_deposit_sources_pct_gdp,bank_non_treasury_securities_qoq_pct_gdp,2,1.1761037303365932e-07,5.194601078763184e-08,1.5796191889900923e-08,2.194245541774177e-07,2.2640886422343316,0.023568663398197298,91,tdc_bank_only_qoq,"GDP,gdp_deflator,FEDFUNDS,TOTRESNS",direct_at_h,ols_newey_west_scaffold,newey_west,2,0.173739,,
baseline_tdc_lp_deposit_sources_pct_gdp,bank_non_treasury_securities_qoq_pct_gdp,4,4.6870903144590306e-08,6.157922354375534e-08,-7.382437500117015e-08,1.6756618129035077e-07,0.7611480049157492,0.4465686703120313,89,tdc_bank_only_qoq,"GDP,gdp_deflator,FEDFUNDS,TOTRESNS",direct_at_h,ols_newey_west_scaffold,newey_west,4,0.137203,,
baseline_tdc_lp_deposit_sources_pct_gdp,bank_non_treasury_securities_qoq_pct_gdp,8,-8.899593997484149e-08,7.69559542207095e-08,-2.398296102474321e-07,6.183773029774913e-08,-1.1564529460527684,0.2474959355892925,85,tdc_bank_only_qoq,"GDP,gdp_deflator,FEDFUNDS,TOTRESNS",direct_at_h,ols_newey_west_scaffold,newey_west,8,0.155418,,
baseline_tdc_lp_deposit_sources_pct_gdp,bank_consumer_loans_qoq_pct_gdp,0,-1.2548097452001086e-07,7.51421767002803e-08,-2.7275964085256024e-07,2.179769181253852e-08,-1.669914022061365,0.0949363756432704,93,tdc_bank_only_qoq,"GDP,gdp_deflator,FEDFUNDS,TOTRESNS",direct_at_h,ols_newey_west_scaffold,newey_west,1,0.023934,,
baseline_tdc_lp_deposit_sources_pct_gdp,bank_consumer_loans_qoq_pct_gdp,1,-1.0645074620912305e-07,8.504538472341928e-08,-2.731397002670248e-07,6.023820784877873e-08,-1.251693393537078,0.21068160830714566,92,tdc_bank_only_qoq,"GDP,gdp_deflator,FEDFUNDS,TOTRESNS",direct_at_h,ols_newey_west_scaffold,newey_west,1,0.021773,,
baseline_tdc_lp_deposit_sources_pct_gdp,bank_consumer_loans_qoq_pct_gdp,2,5.95807137699268e-08,1.0404527069027631e-07,-1.4434801678301477e-07,2.6350944432286837e-07,0.5726422102095121,0.5668869735393671,91,tdc_bank_only_qoq,"GDP,gdp_deflator,FEDFUNDS,TOTRESNS",direct_at_h,ols_newey_west_scaffold,newey_west,2,0.020644,,
baseline_tdc_lp_deposit_sources_pct_gdp,bank_consumer_loans_qoq_pct_gdp,4,1.4054954740196718e-07,1.2990244712303302e-07,-1.1405924895917754e-07,3.951583437631119e-07,1.0819622764215526,0.27926929058252226,89,tdc_bank_only_qoq,"GDP,gdp_deflator,FEDFUNDS,TOTRESNS",direct_at_h,ols_newey_west_scaffold,newey_west,4,0.036002,,
baseline_tdc_lp_deposit_sources_pct_gdp,bank_consumer_loans_qoq_pct_gdp,8,1.3517584320062201e-08,7.062940933127513e-08,-1.2491605796923706e-07,1.5195122660936147e-07,0.19138747510488568,0.8482220321141885,85,tdc_bank_only_qoq,"GDP,gdp_deflator,FEDFUNDS,TOTRESNS",direct_at_h,ols_newey_west_scaffold,newey_west,8,0.006213,,
baseline_tdc_lp_deposit_sources_pct_gdp,bank_real_estate_loans_qoq_pct_gdp,0,-2.463250774758323e-07,1.2808340472224123e-07,-4.973685507314252e-07,4.718395779760538e-09,-1.923161536890804,0.054459766061399906,93,tdc_bank_only_qoq,"GDP,gdp_deflator,FEDFUNDS,TOTRESNS",direct_at_h,ols_newey_west_scaffold,newey_west,1,0.349052,,
baseline_tdc_lp_deposit_sources_pct_gdp,bank_real_estate_loans_qoq_pct_gdp,1,-2.8737740076053623e-07,1.0071307267880643e-07,-4.847750232109969e-07,-8.997977831007563e-08,-2.853426999263925,0.004325046362067653,92,tdc_bank_only_qoq,"GDP,gdp_deflator,FEDFUNDS,TOTRESNS",direct_at_h,ols_newey_west_scaffold,newey_west,1,0.356515,,
baseline_tdc_lp_deposit_sources_pct_gdp,bank_real_estate_loans_qoq_pct_gdp,2,-2.9956819005599e-07,1.073414183515935e-07,-5.099573700251133e-07,-8.917901008686674e-08,-2.7907977615384554,0.005257831346192177,91,tdc_bank_only_qoq,"GDP,gdp_deflator,FEDFUNDS,TOTRESNS",direct_at_h,ols_newey_west_scaffold,newey_west,2,0.408519,,
baseline_tdc_lp_deposit_sources_pct_gdp,bank_real_estate_loans_qoq_pct_gdp,4,3.650099711294539e-09,9.042530881590166e-08,-1.7358350556787273e-07,1.808837049904618e-07,0.04036590816323155,0.9678014094301501,89,tdc_bank_only_qoq,"GDP,gdp_deflator,FEDFUNDS,TOTRESNS",direct_at_h,ols_newey_west_scaffold,newey_west,4,0.423766,,
baseline_tdc_lp_deposit_sources_pct_gdp,bank_real_estate_loans_qoq_pct_gdp,8,-1.1019707115677128e-07,1.5450320988322572e-07,-4.130233625278937e-07,1.9262922021435114e-07,-0.7132348333737452,0.4757004548019903,85,tdc_bank_only_qoq,"GDP,gdp_deflator,FEDFUNDS,TOTRESNS",direct_at_h,ols_newey_west_scaffold,newey_west,8,0.277726,,
baseline_tdc_lp_deposit_sources_pct_gdp,row_loans_assets_qoq_pct_gdp,0,0.00014370993205638813,0.00019353054184216982,-0.0002356099299542647,0.000523029794067041,0.7425697809164822,0.45774218972120995,93,tdc_bank_only_qoq,"GDP,gdp_deflator,FEDFUNDS,TOTRESNS",direct_at_h,ols_newey_west_scaffold,newey_west,1,0.196343,,
baseline_tdc_lp_deposit_sources_pct_gdp,row_loans_assets_qoq_pct_gdp,1,0.00023678439665967969,0.00020572749118081583,-0.00016644148605471934,0.0006400102793740787,1.150961377600078,0.2497481251093685,92,tdc_bank_only_qoq,"GDP,gdp_deflator,FEDFUNDS,TOTRESNS",direct_at_h,ols_newey_west_scaffold,newey_west,1,0.173507,,
baseline_tdc_lp_deposit_sources_pct_gdp,row_loans_assets_qoq_pct_gdp,2,0.00013918203632410292,0.00019874306837018536,-0.0002503543776814604,0.0005287184503296662,0.7003113993634127,0.48373285429099067,91,tdc_bank_only_qoq,"GDP,gdp_deflator,FEDFUNDS,TOTRESNS",direct_at_h,ols_newey_west_scaffold,newey_west,2,0.116924,,
baseline_tdc_lp_deposit_sources_pct_gdp,row_loans_assets_qoq_pct_gdp,4,-0.0002343105942337664,0.00018692949583915875,-0.0006006924060785175,0.00013207121761098472,-1.2534704230699694,0.21003455644364943,89,tdc_bank_only_qoq,"GDP,gdp_deflator,FEDFUNDS,TOTRESNS",direct_at_h,ols_newey_west_scaffold,newey_west,4,0.074329,,
baseline_tdc_lp_deposit_sources_pct_gdp,row_loans_assets_qoq_pct_gdp,8,-0.00012468739828725111,0.00016930191757444837,-0.0004565191567331699,0.00020714436015866768,-0.7364795394737417,0.46143891479417665,85,tdc_bank_only_qoq,"GDP,gdp_deflator,FEDFUNDS,TOTRESNS",direct_at_h,ols_newey_west_scaffold,newey_west,8,0.152483,,
baseline_tdc_lp_deposit_sources_pct_gdp,row_corp_bonds_flow_pct_gdp,0,-0.0007482844307129918,0.0005315081388481173,-0.0017900403828553018,0.00029347152142931814,-1.4078513121824838,0.1591751025919017,93,tdc_bank_only_qoq,"GDP,gdp_deflator,FEDFUNDS,TOTRESNS",direct_at_h,ols_newey_west_scaffold,newey_west,1,0.45382,,
baseline_tdc_lp_deposit_sources_pct_gdp,row_corp_bonds_flow_pct_gdp,1,-0.0005297765683200235,0.0007639729676717881,-0.0020271635849567282,0.0009676104483166811,-0.6934493637052637,0.48802759269293006,92,tdc_bank_only_qoq,"GDP,gdp_deflator,FEDFUNDS,TOTRESNS",direct_at_h,ols_newey_west_scaffold,newey_west,1,0.464216,,
baseline_tdc_lp_deposit_sources_pct_gdp,row_corp_bonds_flow_pct_gdp,2,-0.00038600673383593813,0.0005933778985511806,-0.0015490274149962521,0.0007770139473243759,-0.6505242860888995,0.5153536194953976,91,tdc_bank_only_qoq,"GDP,gdp_deflator,FEDFUNDS,TOTRESNS",direct_at_h,ols_newey_west_scaffold,newey_west,2,0.397535,,
baseline_tdc_lp_deposit_sources_pct_gdp,row_corp_bonds_flow_pct_gdp,4,-0.0010457577751392887,0.0006120924306799165,-0.002245458939271925,0.00015394338899334765,-1.7084964994219154,0.08754425536945432,89,tdc_bank_only_qoq,"GDP,gdp_deflator,FEDFUNDS,TOTRESNS",direct_at_h,ols_newey_west_scaffold,newey_west,4,0.265865,,
baseline_tdc_lp_deposit_sources_pct_gdp,row_corp_bonds_flow_pct_gdp,8,-0.0009718566392714024,0.0007478199064673972,-0.002437583655947501,0.000493870377404696,-1.299586479132824,0.19374273624671612,85,tdc_bank_only_qoq,"GDP,gdp_deflator,FEDFUNDS,TOTRESNS",direct_at_h,ols_newey_west_scaffold,newey_west,8,0.189794,,
baseline_tdc_lp_deposit_sources_pct_gdp,row_private_flow_block_pct_gdp,0,0.0008315052170596729,0.0010961828060098277,-0.0013170130827195891,0.002980023516838935,0.7585461225088931,0.44812411259840634,93,tdc_bank_only_qoq,"GDP,gdp_deflator,FEDFUNDS,TOTRESNS",direct_at_h,ols_newey_west_scaffold,newey_west,1,0.339954,,
baseline_tdc_lp_deposit_sources_pct_gdp,row_private_flow_block_pct_gdp,1,0.00015320593751922545,0.0016175463454349362,-0.0030171848995332495,0.0033235967745717005,0.0947150218920191,0.9245411858761701,92,tdc_bank_only_qoq,"GDP,gdp_deflator,FEDFUNDS,TOTRESNS",direct_at_h,ols_newey_west_scaffold,newey_west,1,0.320753,,
baseline_tdc_lp_deposit_sources_pct_gdp,row_private_flow_block_pct_gdp,2,0.0016563306511200747,0.0017664029436647263,-0.0018058191184627888,0.005118480420702938,0.9376856266349475,0.34840599253687454,91,tdc_bank_only_qoq,"GDP,gdp_deflator,FEDFUNDS,TOTRESNS",direct_at_h,ols_newey_west_scaffold,newey_west,2,0.29861,,
baseline_tdc_lp_deposit_sources_pct_gdp,row_private_flow_block_pct_gdp,4,-0.0009940504976789014,0.0012489352469275971,-0.003441963581656992,0.001453862586299189,-0.7959183633613378,0.4260794870544642,89,tdc_bank_only_qoq,"GDP,gdp_deflator,FEDFUNDS,TOTRESNS",direct_at_h,ols_newey_west_scaffold,newey_west,4,0.233192,,
baseline_tdc_lp_deposit_sources_pct_gdp,row_private_flow_block_pct_gdp,8,-0.0034224369871621364,0.0015717971701754345,-0.006503159440705988,-0.0003417145336182849,-2.177403708380608,0.029450459242108318,85,tdc_bank_only_qoq,"GDP,gdp_deflator,FEDFUNDS,TOTRESNS",direct_at_h,ols_newey_west_scaffold,newey_west,8,0.154734,,
baseline_tdc_lp_deposit_sources_pct_gdp,exports_qoq_pct_gdp,0,1.9371112854579793e-07,2.137924420877995e-07,-2.2532205794628907e-07,6.127443150378849e-07,0.9060709848023784,0.3648982817477018,93,tdc_bank_only_qoq,"GDP,gdp_deflator,FEDFUNDS,TOTRESNS",direct_at_h,ols_newey_west_scaffold,newey_west,1,0.095254,,
baseline_tdc_lp_deposit_sources_pct_gdp,exports_qoq_pct_gdp,1,3.138783243246701e-08,4.23180332718141e-07,-7.980456196950893e-07,8.608212845600234e-07,0.07417129295886454,0.9408740878155739,92,tdc_bank_only_qoq,"GDP,gdp_deflator,FEDFUNDS,TOTRESNS",direct_at_h,ols_newey_west_scaffold,newey_west,1,0.070522,,
baseline_tdc_lp_deposit_sources_pct_gdp,exports_qoq_pct_gdp,2,5.699032638292491e-07,2.1794601306420351e-07,1.4272907822341018e-07,9.97077449435088e-07,2.61488272171955,0.008925809787010186,91,tdc_bank_only_qoq,"GDP,gdp_deflator,FEDFUNDS,TOTRESNS",direct_at_h,ols_newey_west_scaffold,newey_west,2,0.151451,,
baseline_tdc_lp_deposit_sources_pct_gdp,exports_qoq_pct_gdp,4,3.2449389211637904e-07,1.209910655669967e-07,8.73514036050655e-08,5.616363806276926e-07,2.681965735202953,0.007319095597831948,89,tdc_bank_only_qoq,"GDP,gdp_deflator,FEDFUNDS,TOTRESNS",direct_at_h,ols_newey_west_scaffold,newey_west,4,0.032653,,
baseline_tdc_lp_deposit_sources_pct_gdp,exports_qoq_pct_gdp,8,-2.5344361150906997e-08,2.527467017555445e-07,-5.207278965917742e-07,4.7003917428996014e-07,-0.10027573446010764,0.9201254214739645,85,tdc_bank_only_qoq,"GDP,gdp_deflator,FEDFUNDS,TOTRESNS",direct_at_h,ols_newey_west_scaffold,newey_west,8,0.049782,,
baseline_tdc_lp_deposit_sources_pct_gdp,imports_qoq_pct_gdp,0,2.641887423858594e-07,3.486316506948917e-07,-4.191292929761284e-07,9.475067777478471e-07,0.7577876014965338,0.4485781459435354,93,tdc_bank_only_qoq,"GDP,gdp_deflator,FEDFUNDS,TOTRESNS",direct_at_h,ols_newey_west_scaffold,newey_west,1,0.126733,,
baseline_tdc_lp_deposit_sources_pct_gdp,imports_qoq_pct_gdp,1,2.259632550452873e-08,4.501557999406562e-07,-8.597090423791574e-07,9.049016933882149e-07,0.050196677478125555,0.9599656592064967,92,tdc_bank_only_qoq,"GDP,gdp_deflator,FEDFUNDS,TOTRESNS",direct_at_h,ols_newey_west_scaffold,newey_west,1,0.090895,,
baseline_tdc_lp_deposit_sources_pct_gdp,imports_qoq_pct_gdp,2,8.149195976348343e-07,3.3706419111970565e-07,1.5427378304021122e-07,1.4755654122294574e-06,2.41769852480539,0.015619011324672583,91,tdc_bank_only_qoq,"GDP,gdp_deflator,FEDFUNDS,TOTRESNS",direct_at_h,ols_newey_west_scaffold,newey_west,2,0.157,,
baseline_tdc_lp_deposit_sources_pct_gdp,imports_qoq_pct_gdp,4,3.696774740330998e-07,2.1286081461391336e-07,-4.75297226101704e-08,7.868846706763699e-07,1.7367098528849485,0.08243839774120287,89,tdc_bank_only_qoq,"GDP,gdp_deflator,FEDFUNDS,TOTRESNS",direct_at_h,ols_newey_west_scaffold,newey_west,4,0.037108,,
baseline_tdc_lp_deposit_sources_pct_gdp,imports_qoq_pct_gdp,8,-1.0804859475896963e-07,3.327892865227449e-07,-7.603155963435497e-07,5.442184068256104e-07,-0.3246757006150945,0.7454265272615439,85,tdc_bank_only_qoq,"GDP,gdp_deflator,FEDFUNDS,TOTRESNS",direct_at_h,ols_newey_west_scaffold,newey_west,8,0.091459,,
baseline_tdc_lp_deposit_sources_pct_gdp,net_exports_qoq_pct_gdp,0,-7.047761387739413e-08,1.9995379073472741e-07,-4.623870437174599e-07,3.214318159626716e-07,-0.35246950617152656,0.7244861835315102,93,tdc_bank_only_qoq,"GDP,gdp_deflator,FEDFUNDS,TOTRESNS",direct_at_h,ols_newey_west_scaffold,newey_west,1,0.097858,,
baseline_tdc_lp_deposit_sources_pct_gdp,net_exports_qoq_pct_gdp,1,8.791506922649072e-09,1.6373136055595297e-07,-3.1212195976701875e-07,3.297049736123169e-07,0.05369470389055183,0.9571784023996779,92,tdc_bank_only_qoq,"GDP,gdp_deflator,FEDFUNDS,TOTRESNS",direct_at_h,ols_newey_west_scaffold,newey_west,1,0.084898,,
baseline_tdc_lp_deposit_sources_pct_gdp,net_exports_qoq_pct_gdp,2,-2.4501633380864927e-07,1.6484487434067235e-07,-5.681122875163671e-07,7.807961989906853e-08,-1.4863448729518436,0.13718792322424767,91,tdc_bank_only_qoq,"GDP,gdp_deflator,FEDFUNDS,TOTRESNS",direct_at_h,ols_newey_west_scaffold,newey_west,2,0.080676,,
baseline_tdc_lp_deposit_sources_pct_gdp,net_exports_qoq_pct_gdp,4,-4.518358194605497e-08,1.40276964356715e-07,-3.2012643208521635e-07,2.2975926819310642e-07,-0.3221026499486838,0.7473749308129503,89,tdc_bank_only_qoq,"GDP,gdp_deflator,FEDFUNDS,TOTRESNS",direct_at_h,ols_newey_west_scaffold,newey_west,4,0.031417,,
baseline_tdc_lp_deposit_sources_pct_gdp,net_exports_qoq_pct_gdp,8,8.270423359676864e-08,1.6712021790329412e-07,-2.448513934936878e-07,4.1025986068722514e-07,0.4948786845444776,0.6206857577625811,85,tdc_bank_only_qoq,"GDP,gdp_deflator,FEDFUNDS,TOTRESNS",direct_at_h,ols_newey_west_scaffold,newey_west,8,0.10566,,
baseline_tdc_lp_deposit_sources_pct_gdp,current_account_balance_pct_gdp,0,-2.2486866245260718e-08,8.545108747523681e-08,-1.8997099769672485e-07,1.4499726520620341e-07,-0.2631548282141789,0.7924312458660221,46,tdc_bank_only_qoq,"GDP,gdp_deflator,FEDFUNDS,TOTRESNS",direct_at_h,ols_newey_west_scaffold,newey_west,1,0.906851,,
baseline_tdc_lp_deposit_sources_pct_gdp,current_account_balance_pct_gdp,1,-6.564326477942794e-08,1.2944482048692117e-07,-3.1935511293379345e-07,1.8806858337493756e-07,-0.5071138770365895,0.6120749186770693,45,tdc_bank_only_qoq,"GDP,gdp_deflator,FEDFUNDS,TOTRESNS",direct_at_h,ols_newey_west_scaffold,newey_west,1,0.919907,,
baseline_tdc_lp_deposit_sources_pct_gdp,current_account_balance_pct_gdp,2,-2.290457823444901e-07,1.4948596479583406e-07,-5.220382733443249e-07,6.394670865534464e-08,-1.5322226582095368,0.12546749902355048,44,tdc_bank_only_qoq,"GDP,gdp_deflator,FEDFUNDS,TOTRESNS",direct_at_h,ols_newey_west_scaffold,newey_west,2,0.89668,,
baseline_tdc_lp_deposit_sources_pct_gdp,current_account_balance_pct_gdp,4,-2.4974270232289957e-07,1.54847821212492e-07,-5.532444318993839e-07,5.375902725358477e-08,-1.6128267118475421,0.10678216105621274,42,tdc_bank_only_qoq,"GDP,gdp_deflator,FEDFUNDS,TOTRESNS",direct_at_h,ols_newey_west_scaffold,newey_west,4,0.867309,,
baseline_tdc_lp_deposit_sources_pct_gdp,current_account_balance_pct_gdp,8,-9.957466729005328e-08,1.0900253723530108e-07,-3.1321964027124336e-07,1.1407030569113683e-07,-0.9135077936314813,0.36097553652745384,38,tdc_bank_only_qoq,"GDP,gdp_deflator,FEDFUNDS,TOTRESNS",direct_at_h,ols_newey_west_scaffold,newey_west,8,0.906757,,
baseline_tdc_lp_deposit_sources_pct_gdp,tga_balance_qoq_pct_gdp,0,-0.0019174412312454735,0.00029459726355615055,-0.0024948518678155284,-0.0013400305946754186,-6.508686496607621,7.581069105810911e-11,92,tdc_bank_only_qoq,"GDP,gdp_deflator,FEDFUNDS,TOTRESNS",direct_at_h,ols_newey_west_scaffold,newey_west,1,0.289295,,
baseline_tdc_lp_deposit_sources_pct_gdp,tga_balance_qoq_pct_gdp,1,0.00015931771167458904,0.0008729916320231896,-0.0015517458870908626,0.0018703813104400406,0.18249626437468192,0.8551932857315387,92,tdc_bank_only_qoq,"GDP,gdp_deflator,FEDFUNDS,TOTRESNS",direct_at_h,ols_newey_west_scaffold,newey_west,1,0.012675,,
baseline_tdc_lp_deposit_sources_pct_gdp,tga_balance_qoq_pct_gdp,2,-0.00010727227713181894,0.0006516731335998716,-0.001384551618987567,0.0011700070647239294,-0.16461055642917496,0.8692505217427411,91,tdc_bank_only_qoq,"GDP,gdp_deflator,FEDFUNDS,TOTRESNS",direct_at_h,ols_newey_west_scaffold,newey_west,2,0.047363,,
baseline_tdc_lp_deposit_sources_pct_gdp,tga_balance_qoq_pct_gdp,4,-0.00025884705859315467,0.0005433919706735613,-0.0013238953211133348,0.0008062012039270255,-0.47635422045765763,0.6338220433485722,89,tdc_bank_only_qoq,"GDP,gdp_deflator,FEDFUNDS,TOTRESNS",direct_at_h,ols_newey_west_scaffold,newey_west,4,0.035332,,
baseline_tdc_lp_deposit_sources_pct_gdp,tga_balance_qoq_pct_gdp,8,-0.0005292441208479891,0.00045638838504007785,-0.0014237653555265416,0.00036527711383056347,-1.159635385553279,0.24619728763574034,85,tdc_bank_only_qoq,"GDP,gdp_deflator,FEDFUNDS,TOTRESNS",direct_at_h,ols_newey_west_scaffold,newey_west,8,0.032237,,
baseline_tdc_lp_deposit_sources_pct_gdp,on_rrp_balance_qoq_pct_gdp,0,6.009847521293611e-07,4.858013110254904e-07,-3.5118581748059996e-07,1.5531553217393222e-06,1.2370998976119003,0.21604999779201717,67,tdc_bank_only_qoq,"GDP,gdp_deflator,FEDFUNDS,TOTRESNS",direct_at_h,ols_newey_west_scaffold,newey_west,1,0.368337,,
baseline_tdc_lp_deposit_sources_pct_gdp,on_rrp_balance_qoq_pct_gdp,1,1.1209484947302592e-06,3.507772922576702e-07,4.334250019052255e-07,1.8084719875552928e-06,3.1956130555533364,0.001395341046320997,67,tdc_bank_only_qoq,"GDP,gdp_deflator,FEDFUNDS,TOTRESNS",direct_at_h,ols_newey_west_scaffold,newey_west,1,0.512249,,
baseline_tdc_lp_deposit_sources_pct_gdp,on_rrp_balance_qoq_pct_gdp,2,1.1132700027125921e-06,4.074612348306705e-07,3.1464598244447796e-07,1.911894022980706e-06,2.7322108400698193,0.00629108674807366,67,tdc_bank_only_qoq,"GDP,gdp_deflator,FEDFUNDS,TOTRESNS",direct_at_h,ols_newey_west_scaffold,newey_west,2,0.533007,,
baseline_tdc_lp_deposit_sources_pct_gdp,on_rrp_balance_qoq_pct_gdp,4,5.334556503405544e-07,1.8281506719342862e-07,1.751381186414343e-07,8.917731820396744e-07,2.918007024968726,0.0035227641338657634,66,tdc_bank_only_qoq,"GDP,gdp_deflator,FEDFUNDS,TOTRESNS",direct_at_h,ols_newey_west_scaffold,newey_west,4,0.233662,,
baseline_tdc_lp_deposit_sources_pct_gdp,on_rrp_balance_qoq_pct_gdp,8,-1.8885453088814647e-07,2.1290859427269037e-07,-6.061553756626196e-07,2.2844631388632668e-07,-0.8870216420022209,0.3750672488014901,64,tdc_bank_only_qoq,"GDP,gdp_deflator,FEDFUNDS,TOTRESNS",direct_at_h,ols_newey_west_scaffold,newey_west,8,0.208841,,
